repo,created_time,size,star_num,issue_PR_num
0wczar/airframe-react,2019,7820,3975,9
10up/ElasticPress,2014,85426,1267,376
11ty/eleventy,2017,5574,18265,210
2factorauth/twofactorauth,2014,21239,3416,406
3lang3/react-vant,2021,119149,1305,54
3v1n0/zsh-bash-completions-fallback,2020,67,63,4
404labfr/laravel-impersonate,2017,148,2172,18
7thSamurai/steganography,2022,1237,1039,4
abelljs/abell,2020,2481,430,23
abiosoft/colima,2021,2881,23140,229
abraunegg/onedrive,2018,13591,11070,174
absinthe-graphql/absinthe,2015,4370,4329,55
ackintosh/ganesha,2016,850,633,8
activeloopai/deeplake,2019,68468,8659,170
activemerchant/active_merchant,2008,32705,4571,303
activescaffold/active_scaffold,2008,9234,1118,14
adaltas/node-csv,2010,8570,4167,37
adam-p/markdown-here,2012,16461,59942,7
adminkit/adminkit,2020,15533,1563,6
adonisjs/core,2015,5937,17886,87
adrg/libvlc-go,2015,364,469,5
AdrienTorris/awesome-blazor,2018,6250,9084,33
agenda/agenda,2013,4424,9529,42
agentejo/cockpit,2013,23503,5400,4
agronholm/apscheduler,2016,5976,6760,87
aidenybai/million,2021,89162,17209,255
aide/aide,2019,2003,614,14
aimhubio/aim,2019,66686,5633,361
airblade/vim-gitgutter,2013,1416,8437,32
airbnb/javascript,2012,3689,146835,185
airbnb/lottie-android,2016,137182,35363,132
aircrack-ng/aircrack-ng,2018,17223,6101,34
AirtestProject/Airtest,2018,313802,8704,69
aisingapore/TagUI,2016,79540,5974,25
ai/nanoid,2017,5232,25719,35
akaunting/akaunting,2017,82518,8693,170
akheron/jansson,2009,1822,3194,32
akkadotnet/akka.net,2013,94942,4900,272
akveo/ngx-admin,2016,69011,25509,34
alacritty/alacritty,2016,14002,59148,967
Alamofire/Alamofire,2014,40226,41957,121
Alamofire/AlamofireImage,2015,13914,4021,10
albermax/innvestigate,2017,59906,1298,11
albuch/sbt-dependency-check,2016,5318,269,17
albumentations-team/albumentations,2018,105289,14987,162
alda-lang/alda,2014,3816,5747,14
alecthomas/chroma,2017,14218,4604,145
Alex313031/thorium,2021,328428,5849,396
alexpate/awesome-design-systems,2017,433,17853,20
algolia/instantsearch,2015,397854,3883,121
alibaba/fastjson,2011,15513,25766,126
alibaba/fastjson2,2022,130548,4055,695
alibaba/formily,2019,28905,12016,140
alibaba/ice,2016,148418,18529,575
alibaba/nacos,2018,63083,31575,1428
alibaba/rax,2016,20931,8012,12
alibaba/Sentinel,2018,8335,22757,179
alibaba/spring-cloud-alibaba,2017,55692,28516,243
alibaba/tengine,2012,24318,12998,143
alipay/SoloPi,2019,272397,5969,9
clearml/clearml,2019,54115,6043,0
allinurl/goaccess,2013,8398,19415,133
Alluxio/alluxio,2012,205633,7004,767
Aloxaf/fzf-tab,2019,1056,3900,48
altdesktop/playerctl,2014,683,2650,19
altence/lightence-ant-design-react-template,2021,19444,1034,9
amplication/amplication,2020,332763,15692,1236
AmruthPillai/Reactive-Resume,2020,108419,31754,399
Anankke/SSPanel-UIM,2018,108714,9674,355
andreapollastri/cipi,2018,10522,1097,19
android-password-store/Android-Password-Store,2014,121527,2635,111
androidx/androidx,2020,991434,5620,115
android/compose-samples,2019,197938,21704,169
angryip/ipscan,2011,117514,4477,42
angular/angular,2014,550892,98125,1033
annoviko/pyclustering,2014,35059,1190,7
ansible-community/molecule-plugins,2022,272,132,69
ansible/molecule,2015,15179,3971,0
semaphoreui/semaphore,2014,32332,11989,0
ansible/ansible-compat,2021,659,22,59
ansible/ansible-language-server,2021,3269,251,37
ansible/ansible-lint-action,2019,138,255,12
ansible/ansible-lint,2013,9661,3694,495
ansible/ansible-navigator,2020,5494,447,145
ansible/ansible,2012,259601,65340,1023
ansible/creator-ee,2021,328,124,21
ansible/team-devtools,2021,430,21,0
ansible/mkdocs-ansible,2023,244,11,17
ansible/vscode-ansible,2020,44242,421,201
ant-design/ant-design,2015,227073,95056,1850
orval-labs/orval,2020,14018,4116,0
apache/activemq-artemis,2015,108378,969,394
apache/activemq,2009,66818,2361,181
apache/airflow,2015,403229,40531,5249
apache/apisix,2019,41453,15223,1472
apache/brpc,2017,40114,17145,369
apache/cassandra,2009,443470,9233,883
apache/cordova-js,2012,12707,637,5
apache/couchdb,2009,46339,6554,414
apache/druid,2012,386984,13737,1614
apache/dubbo-go,2018,96833,4808,125
apache/dubbo,2012,59862,41060,794
apache/echarts,2013,249644,63738,643
apache/flink,2014,525158,24944,204
apache/hadoop,2014,596586,15124,1066
apache/hive,2009,737582,5722,184
apache/httpd,2009,338518,3711,73
apache/hudi,2016,1949587,5837,907
apache/iceberg,2018,96275,7573,2126
apache/incubator-hugegraph,2018,27671,2761,107
apache/kvrocks,2019,12273,3905,0
apache/incubator-teaclave,2019,136824,777,25
apache/inlong,2020,60530,1436,1884
apache/kafka,2011,250383,30262,1839
apache/logging-log4j2,2013,129496,3485,452
apache/lucene-solr,2016,589633,4376,7
apache/lucenenet,2009,178803,2314,81
apache/maven,2009,86989,4631,349
apache/mesos,2013,421954,5316,102
apache/netbeans,2017,412190,2844,1192
apache/nifi,2014,280505,5383,1306
apache/ofbiz-framework,2017,746482,897,15
apache/opennlp,2011,17143,1515,65
apache/pulsar,2016,238516,14660,1509
apache/ranger,2014,123564,965,50
apache/rocketmq,2016,43648,21835,1092
apache/shiro,2009,31061,4380,124
apache/spark,2014,503016,41294,4677
apache/storm,2013,155871,6633,80
apache/superset,2015,751788,66636,1727
apache/thrift,2009,35091,10699,107
apache/tomcat,2011,179726,7853,95
apache/zookeeper,2009,148964,12509,134
apereo/cas,2011,289053,11119,67
apify/crawlee,2016,147918,17911,273
apiman/apiman,2013,64370,867,22
apitrace/apitrace,2011,21585,2726,42
ApolloAuto/apollo,2017,3324909,25769,415
apollographql/apollo-client,2016,93382,19577,122
apollographql/apollo-server,2016,140204,13881,31
App-vNext/Polly,2013,45538,13814,208
AppFlowy-IO/AppFlowy,2021,94274,63821,2097
appium/appium,2013,213370,19973,685
apple/foundationdb,2017,187411,15328,1142
apple/swift-nio,2018,11202,8161,265
appsmithorg/appsmith,2020,788956,37219,5730
owasp-dep-scan/dep-scan,2020,20923,1122,0
aquasecurity/cloudsploit,2015,26989,3543,340
arangodb/arangodb,2011,2865402,13826,1792
archimatetool/archi,2011,189135,1066,111
architect/architect,2017,3711,2588,49
ArchiveBox/ArchiveBox,2017,11432,24047,181
arco-design/arco-design,2021,18158,5289,345
Arduino-IRremote/Arduino-IRremote,2010,10173,4736,28
arduino/arduino-cli,2018,60739,4567,164
arduino/Arduino,2010,1390211,14357,68
ArduPilot/ardupilot,2013,510952,12935,3087
ArduPilot/MissionPlanner,2013,309970,1982,198
area17/twill,2018,59720,3887,211
arendst/Tasmota,2017,254251,23329,1231
argoproj/argo-cd,2018,137003,19792,1891
argoproj/argo-workflows,2017,158037,15719,1240
argoproj/gitops-engine,2019,2128,1757,7
arkhipenko/TaskScheduler,2015,2487,1492,15
arkime/arkime,2012,58013,6656,438
armbian/build,2014,617968,4688,1163
ARMmbed/mbed-os,2013,509821,4756,84
arrayfire/arrayfire,2014,19462,4720,121
arrow-kt/arrow,2017,59701,6373,202
artesaos/seotools,2015,345,3238,12
asciinema/asciinema,2011,3371,15184,61
aspiers/git-deps,2015,1261,301,10
AssemblyScript/assemblyscript,2017,165086,17399,132
assimp/assimp,2010,297873,12002,388
astroML/astroML,2012,9834,1093,8
asweigart/pyautogui,2014,2346,11517,74
atesgoral/hrm-solutions,2015,4497,448,11
atinfo/awesome-test-automation,2015,827,6675,13
atisawd/boxicons,2018,23223,3102,267
Atmosphere-NX/Atmosphere,2018,25699,16437,193
atomix/atomix,2014,21073,2363,14
AtsushiSakai/PythonRobotics,2016,303729,25185,72
audacity/audacity,2015,365974,13761,1496
AudioKit/AudioKit,2014,119643,11015,62
aurelia/aurelia,2018,209530,1439,98
authomatic/authomatic,2013,6996,1044,8
authpass/authpass,2019,186576,2432,21
Automattic/node-canvas,2010,4887,10470,122
avajs/ava,2014,13797,20784,91
AvaloniaUI/Avalonia,2013,186652,27874,1957
aws-amplify/amplify-cli,2018,304132,2835,768
aws/aws-app-mesh-controller-for-k8s,2019,5291,186,53
aws/aws-codedeploy-agent,2014,3151,335,23
aws/copilot-cli,2019,33234,3649,327
aws/karpenter-provider-aws,2020,26023,7306,0
AxonFramework/AxonFramework,2011,56922,3445,100
azkaban/azkaban,2012,57554,4502,43
AzureAD/azure-activedirectory-identitymodel-extensions-for-dotnet,2014,56159,1107,441
babel/babel-loader,2014,5827,4852,23
babel/babel,2014,132590,43614,125
babysor/MockingBird,2021,130682,36329,92
backstage/backstage,2020,11932965,30545,1238
badaix/snapcast,2015,23693,6757,58
baetyl/baetyl,2018,106376,1894,46
baidu/amis,2019,191826,18304,1478
baidu/san,2016,8767,4737,14
bannedbook/fanqiang,2015,751920,39872,64
barryvdh/laravel-debugbar,2013,14527,18365,186
barryvdh/laravel-snappy,2013,98,2711,24
basho/riak,2010,46600,3986,10
basho/riak_kv,2010,18829,660,29
bazelbuild/bazel,2014,974268,24200,3312
bbatsov/projectile,2011,7283,4091,44
bblanchon/ArduinoJson,2014,6456,6950,129
bchavez/Bogus,2015,6380,9297,59
bda-research/node-crawler,2010,1112,6762,6
beanshell/beanshell,2015,16099,896,20
beefproject/beef,2011,24100,10258,53
beetbox/beets,2010,29112,13540,268
ben-rogerson/twin.macro,2020,5642,8015,34
benfred/py-spy,2018,3146,13781,79
benjamn/recast,2012,4555,5128,28
bentoml/BentoML,2019,100426,7777,682
berstend/puppeteer-extra,2018,17705,6867,71
bigtreetech/BIGTREETECH-SKR-mini-E3,2019,113446,2112,28
bilibili/ijkplayer,2013,8283,32912,59
binux/pyspider,2014,4171,16662,7
bisq-network/bisq,2014,870407,4886,117
bitcoinbook/bitcoinbook,2013,62974,24389,46
bitcoinjs/bitcoinjs-lib,2011,7474,5877,162
bitcoin/bitcoin,2010,283831,84121,511
skaiworldwide-oss/agensgraph,2016,465701,1422,0
bitpay/bitcore,2013,143743,4934,128
bitwarden/clients,2016,889895,10309,1394
bitwarden/server,2015,36850,16658,344
bjorn3/rustc_codegen_cranelift,2024,5760,13,29
bjornd/jvectormap,2012,3035,1392,4
bkaradzic/bgfx,2012,298845,15796,146
blender/blender,2019,1319674,15397,8
blevesearch/bleve,2014,17321,10407,184
blinker-iot/blinker-library,2018,4954,4544,11
blmoistawinde/HarvestText,2018,4482,2525,5
blynkkk/blynk-library,2015,10048,3930,11
bndw/wifi-card,2020,2158,6758,10
bobthecow/psysh,2012,4305,9783,14
bokeh/bokeh,2012,352859,19915,378
boostorg/beast,2013,14493,4554,117
boostorg/regex,2013,16438,95,17
bootboxjs/bootbox,2011,6703,5040,8
bootstrap-vue/bootstrap-vue,2016,54238,14515,33
borgbackup/borg,2015,35798,11932,553
boyter/scc,2018,12860,7388,53
bpellin/keepassdroid,2009,13227,1406,13
bram2w/baserow,2020,217068,2710,11
brave/brave-browser,2017,31641,19476,7064
breejs/bree,2020,1398,3173,17
brian-team/brian2,2012,37736,1019,58
briansmith/ring,2015,119469,3948,192
brianvoe/gofakeit,2015,7851,4956,105
BRIKEV/express-jsdoc-swagger,2020,1806,226,5
BRL-CAD/brlcad,2021,518462,829,45
broccolijs/broccoli,2013,2161,3325,5
browserify/browserify,2010,2516,14682,13
btcpayserver/btcpayserver,2017,59519,6811,767
btcsuite/btcd,2013,26550,6477,166
buddhi1980/mandelbulber2,2015,302495,945,17
Budibase/budibase,2019,621895,24722,1464
bufbuild/buf,2019,27549,9957,607
buffer/thug,2012,46658,1016,20
buger/goreplay,2013,18084,18955,17
build-trust/ockam,2018,90799,4535,1864
buildbot/buildbot,2010,80607,5359,419
BuilderIO/builder,2019,313999,8208,96
BuilderIO/mitosis,2020,27635,13225,66
buildpacks/pack,2018,56856,2736,158
bulletphysics/bullet3,2011,297036,13442,103
bumptech/glide,2013,97587,34892,214
buqiyuan/vue3-antdv-admin,2020,6069,3908,0
buserror/simavr,2012,6034,1660,17
buttercup/buttercup-desktop,2015,16001,4402,107
bytecodealliance/wasmtime,2017,124471,16502,1583
pd4d10/bytemd,2023,3408,1078,0
bytedance/sonic-cpp,2022,15812,917,23
c3js/c3,2013,14947,9354,4
CacheControl/json-rules-engine,2016,1288,2821,30
caddyserver/caddy,2015,19296,64844,693
caddyserver/nginx-adapter,2019,379,337,5
cake-build/cake,2014,11927,4013,67
calcom/cal.com,2021,981453,36583,1922
calebjacob/tooltipster,2012,2476,2749,5
camunda/camunda-bpm-platform,2013,165557,4208,733
CanCanCommunity/cancancan,2014,3708,5650,19
canvg/canvg,2014,33552,3750,11
caprover/caprover,2017,41218,14105,223
carbon-design-system/carbon-components-svelte,2019,26169,2804,168
carbon-design-system/carbon,2017,6560344,8392,967
carla-simulator/carla,2017,1988332,12576,655
caroso1222/notyf,2016,1114,2766,7
casbin/casbin,2017,2189,18735,11
casdoor/casdoor,2020,38320,11702,36
Casecommons/pg_search,2011,1248,1463,18
casey/just,2016,13261,25880,352
catchorg/Catch2,2010,28480,19472,102
cats-oss/android-gpuimage,2012,1368,9103,6
cayleygraph/cayley,2014,20282,14935,10
cbeust/klaxon,2013,8827,1860,4
ccxt/ccxt,2017,4917604,36881,4271
celery/celery,2009,35688,26583,230
ceph/ceph,2011,836745,15109,4633
ceres-solver/ceres-solver,2014,32830,4137,87
cert-manager/cert-manager,2017,93303,12882,166
certbot/certbot,2014,62576,32247,221
cfengine/core,2012,69652,506,118
chaijs/chai,2011,4998,8211,65
ChaiScript/ChaiScript,2011,6439,3021,11
chakra-ui/chakra-ui,2019,178653,39222,330
changsanjiang/SJVideoPlayer,2017,377720,2487,18
charles2gan/GDA-android-reversing-Tool,2017,82285,4466,20
chartjs/Chart.js,2013,43470,66045,329
chef/chef,2009,300386,7822,72
chenshuo/muduo,2010,1792,15408,14
Chia-Network/chia-blockchain,2019,148016,10856,1197
chibat/chrome-extension-typescript-starter,2016,963,2727,7
chinchang/web-maker,2016,25593,2621,17
chocolatey/choco,2014,43546,10810,212
chocolatey/ChocolateyGUI,2011,82096,1724,37
Choices-js/Choices,2016,16655,6542,31
chroma-core/chroma,2022,740046,20443,745
ChromeDevTools/debugger-protocol-viewer,2015,11399,866,7
chromedp/chromedp,2017,2877,11906,154
chromium/chromium,2018,55305125,20894,18
zxwk1998/vue-admin-better,2020,9957,17704,0
latentcat/qrbtf,2020,6084,6599,0
cilium/cilium,2015,413696,21808,4385
circleci/circleci-docs,2015,290542,811,583
CISOfy/lynis,2013,8781,14292,86
ciur/papermerge,2020,26688,2726,53
cjdelisle/cjdns,2011,26240,5266,10
clangen/musikcube,2015,73078,4455,54
claudiodangelis/qrcp,2018,26400,10201,33
clementine-player/Clementine,2013,209166,3966,52
ClickHouse/ClickHouse,2016,1859153,41165,4303
cli/cli,2019,47699,39395,1031
clj-commons/aleph,2010,3434,2561,39
clj-holmes/clj-watson,2021,274,90,25
clojure-lsp/clojure-lsp,2018,38896,1228,101
clojure/clojurescript,2011,18744,9301,23
cloudflare/gokey,2016,65,2047,4
cloudfoundry/cli,2013,177077,1771,147
cloudfoundry/uaa,2012,77143,1621,17
cloudius-systems/osv,2012,23319,4180,76
cloudtools/troposphere,2012,6603,4946,51
CloverHackyColor/CloverBootloader,2019,236083,4779,56
clue-ai/ChatYuan,2023,6104,1887,12
cmderdev/cmder,2013,3222,26392,57
cmdparkour/vue-admin-box,2021,15976,1814,7
cmus/cmus,2012,6166,5795,58
cnr-isti-vclab/meshlab,2016,299755,5172,62
cockroachdb/pebble,2018,72767,5337,956
CocoaDebug/CocoaDebug,2018,364335,4104,6
CocoaLumberjack/CocoaLumberjack,2011,6013,13264,41
Cocoanetics/DTCoreText,2011,6203,6379,6
cocos2d/cocos2d-x,2010,1051276,18569,22
cocos/cocos-engine,2015,358347,8743,837
cocotb/cocotb,2013,9191,2003,266
code4craft/webmagic,2013,17431,11570,37
codemirror/codemirror5,2011,19247,27060,47
codenotary/immudb,2019,40448,8751,93
coderaiser/cloudcmd,2012,35175,1916,17
codesandbox/sandpack,2021,15058,5502,87
codeSTACKr/create-10k-nft-collection,2021,1690,2230,4
codingapi/tx-lcn,2017,14551,4199,4
coil-kt/coil,2019,125560,11283,264
CollaboraOnline/online,2020,353781,2234,2277
ColorlibHQ/AdminLTE,2013,135768,44660,81
ColorlibHQ/gentelella,2015,35080,21184,6
common-voice/common-voice,2017,1961269,3376,205
commonmark/cmark,2015,4358,1775,65
commonmark/commonmark-spec,2014,2852,4964,29
CommunityToolkit/WindowsCommunityToolkit,2016,309497,5996,8
composer/composer,2011,27971,28993,390
conan-io/conan,2015,32796,8790,2178
conceptofmind/PaLM,2023,6450,820,14
concourse/concourse,2014,151303,7580,108
confluentinc/ksql,2016,218076,202,288
connectbot/connectbot,2009,8664,2709,43
connor4312/cockatiel,2019,885,1665,13
Consensys/gnark,2020,30571,1560,24
containerd/containerd,2015,123609,18743,692
containers/buildah,2017,78993,7952,92
containers/crun,2017,6134,3382,195
containers/podman,2017,158813,27174,1007
containers/skopeo,2016,57799,9317,152
conventional-changelog/conventional-changelog,2014,6263,8120,137
rocq-community/coq-dpdgraph,2014,390,90,0
core-plot/core-plot,2013,67447,2777,4
CoreELEC/CoreELEC,2018,379057,1610,17
CorentinJ/Real-Time-Voice-Cloning,2019,369678,54480,80
coreui/coreui-free-angular-admin-template,2017,4846,1778,13
coreui/coreui-free-react-admin-template,2017,4707,4774,10
coreui/coreui-free-vue-admin-template,2017,8733,3370,4
coreui/coreui,2018,206884,816,7
coronalabs/corona,2018,193147,2653,126
cosmos/cosmos-sdk,2016,343997,6612,1459
cossacklabs/acra,2016,13916,1402,12
coursier/coursier,2015,69538,2084,186
cowrie/cowrie,2015,10708,5605,42
cozmo/jsQR,2015,63256,3872,10
crate/crate,2013,164606,4254,1338
crawlab-team/crawlab,2019,25071,11768,101
creativetimofficial/material-dashboard,2016,58726,11151,12
cri-o/cri-o,2016,180839,5422,91
crosire/reshade,2016,25026,4590,58
crossbario/autobahn-python,2011,19544,2509,16
crossplane/crossplane,2018,43942,10374,752
cryptomator/cryptomator,2014,25092,12955,196
csmith-project/creduce,2012,5690,1588,19
csparpa/pyowm,2013,35410,804,10
ctrlpvim/ctrlp.vim,2014,1771,5612,4
cuba-platform/cuba,2016,81823,1339,10
cubefs/cubefs,2019,165044,5103,407
cucumber/cucumber-js,2011,28877,5153,104
cucumber/cucumber-ruby,2008,16853,5193,33
cure53/DOMPurify,2014,10029,15301,131
curl/curl,2010,107559,38094,2046
cve-search/cve-search,2012,16015,2479,64
cvxpy/cvxpy,2013,213291,5784,176
CycloneDX/cdxgen,2019,27243,708,569
cydrobolt/polr,2013,24360,5071,8
cypress-io/cypress,2015,749228,48708,1108
cython/cython,2010,75882,10067,717
d3/d3,2010,59338,110829,136
dagster-io/dagster,2018,1361826,13368,4151
dani-garcia/vaultwarden,2018,10624,45403,421
DanielBok/copulae,2019,2036,153,10
danielgatis/rembg,2020,73074,19239,77
danielmiessler/SecLists,2012,2278030,63402,135
dapr/dapr,2019,127331,24823,464
darkreader/darkreader,2014,35127,20799,1243
Dash-Industry-Forum/dash.js,2012,188343,5359,240
dask/dask,2015,126193,13266,584
DatabaseCleaner/database_cleaner,2009,1376,2950,11
dataease/dataease,2021,302874,20305,4057
datafaker-net/datafaker,2021,14987,1545,119
datageartech/datagear,2020,89040,1563,5
DaveGamble/cJSON,2016,2563,11603,88
DavidAnson/markdownlint,2015,34159,5194,118
davidshimjs/qrcodejs,2012,130,13946,10
db-migrate/node-db-migrate,2011,2368,2340,15
dcloudio/uni-ui,2018,8942,1981,133
DEAP/deap,2014,11002,6111,48
deepjavalibrary/djl,2019,48756,4508,453
DefinitelyTyped/DefinitelyTyped,2012,743582,49869,228
DEgITx/rats-search,2018,12669,1690,10
delta-io/delta,2019,40066,8075,1180
DependencyTrack/dependency-track,2013,107741,3096,369
deployphp/deployer,2013,11705,10858,137
deps-rs/deps.rs,2018,1351,470,17
dequelabs/axe-core,2015,18381,6418,336
desandro/masonry,2009,1479,16584,9
detekt/detekt,2016,156777,6524,289
determined-ai/determined,2020,207776,3147,618
developit/microbundle,2017,2270,8110,28
DevExpress/testcafe,2015,137524,9857,201
devias-io/material-kit-react,2019,10955,5496,8
dfinke/ImportExcel,2015,77571,2589,79
hypermodeinc/badger,2017,58281,14647,0
hypermodeinc/dgraph,2015,661277,20923,0
dgud/wings,2009,19637,613,45
didi/cube-ui,2017,27752,9136,11
diem/diem,2019,124607,16698,8
digitalocean/nginxconfig.io,2018,9520,28122,29
dimforge/nalgebra,2013,7178,4354,135
dimsemenov/Magnific-Popup,2013,1990,11391,10
directus/directus,2012,405345,30884,1631
distribution/distribution,2014,43508,9589,358
distribworks/dkron,2015,139010,4483,52
DiUS/java-faker,2011,6147,4869,16
DIYgod/DPlayer,2016,11556,15896,16
django-extensions/django-extensions,2009,4329,6690,55
django-haystack/django-haystack,2009,4484,3653,35
dlbeer/quirc,2012,160,937,7
dlclark/regexp2,2016,496,1093,11
DNSCrypt/dnscrypt-proxy,2018,29251,12137,37
doccano/doccano,2018,57474,10062,80
docker/compose,2013,26737,35591,747
docsifyjs/docsify,2016,30431,29647,80
Dogfalo/materialize,2014,165404,38923,6
Dolibarr/dolibarr,2011,1568984,6169,4476
domoticz/domoticz,2015,405204,3584,344
doorkeeper-gem/doorkeeper,2011,4380,5398,36
dotansimha/graphql-code-generator,2016,91973,11072,156
graphql-hive/graphql-yoga,2017,97677,8388,0
dotCMS/core,2012,1084196,908,1851
dotnet/orleans,2014,69607,10403,436
dragonflydb/dragonfly,2021,16087,28214,1597
dragonfly/dragonfly,2018,1087,882,5
drduh/pwd.sh,2015,88,1551,5
dresden-elektronik/deconz-rest-plugin,2013,25402,1925,606
dropways/deskapp,2018,20882,914,5
dropzone/dropzone,2012,7103,18283,31
easymotion/vim-easymotion,2011,1534,7622,10
EasyNetQ/EasyNetQ,2011,72073,2963,77
eclipse-kura/kura,2013,428437,534,0
winery/winery,2015,62882,50,0
geldata/gel,2017,72798,13706,0
edoardottt/missing-cve-nuclei-templates,2023,11298,384,5
edp963/davinci,2017,250220,4974,14
effector/effector,2018,138852,4723,84
EFPrefix/EFQRCode,2017,153688,4638,6
eggjs/egg,2016,13167,18958,73
ehang-io/nps,2018,9168,32799,77
EKA2L1/EKA2L1,2018,135094,1698,43
elastic/elasticsearch-dsl-py,2014,1953,3867,75
elastic/elasticsearch,2010,1418107,72936,9717
elastic/logstash,2010,131110,14521,423
electron-react-boilerplate/electron-react-boilerplate,2015,17287,23856,117
electron-userland/electron-builder,2015,168435,14116,216
electron/packager,2015,3430,236,0
electron/electron,2013,177018,117108,1034
electron/forge,2016,71631,6746,303
ElemeFE/element,2016,93346,54224,308
elementor/elementor,2016,278773,6688,2536
elixir-grpc/grpc,2016,3752,1446,42
elixir-lang/elixir,2011,66238,25333,913
elixirs/faker,2014,1197,1134,20
emacs-evil/evil,2017,40413,3538,103
emacs-helm/helm,2012,43325,3423,58
emacs-lsp/lsp-mode,2016,194340,4940,357
emacs-mirror/emacs,2014,1548691,4686,6
EmbarkStudios/rust-gpu,2020,260296,7497,83
emberjs/ember.js,2011,84625,22552,160
RenderKit/embree,2012,264382,2507,0
emissary-ingress/emissary,2017,125027,4430,225
EnableSecurity/wafw00f,2014,771,5694,21
endroid/qr-code,2012,15112,4613,35
engintron/engintron,2014,1228,669,30
EnterpriseDB/repmgr,2011,9069,1636,41
Entware/Entware,2018,10958,2465,90
envoyproxy/envoy,2016,250775,26115,2121
epicmaxco/vuestic-admin,2017,10973,10810,94
equalsraf/neovim-qt,2014,23484,1914,39
erengy/taiga,2013,10836,2182,51
erusev/parsedown,2013,1514,14911,18
esig/dss,2015,264000,880,5
eslint/eslint,2013,49087,26008,405
esnet/iperf,2014,14408,7572,117
espocrm/espocrm,2014,80015,2267,285
espressif/arduino-esp32,2016,2154308,14904,982
espressif/esptool,2014,13956,5910,82
etcd-io/bbolt,2017,2540,8834,210
etcd-io/etcd,2013,90330,49582,969
ethereum/go-ethereum,2013,224830,49118,2078
ethereum/solidity,2015,79843,24500,548
Eugeny/tabby,2016,97810,64184,665
evanw/esbuild,2016,19867,38998,593
kurrent-io/KurrentDB,2012,342359,5540,0
ever-co/ever-gauzy,2019,190428,2638,935
evertramos/nginx-proxy-automation,2017,273,2678,12
evidence-dev/evidence,2021,295880,5281,418
evilsocket/opensnitch,2017,19382,11654,112
Exa-Networks/exabgp,2013,15239,2157,30
exebetche/vlsub,2012,276,1371,5
explosion/spaCy,2014,203297,31764,338
expressjs/express,2009,9586,67156,394
fabiolb/fabio,2015,20354,7302,16
fabric8io/docker-maven-plugin,2014,21695,1913,56
facebookresearch/fastText,2016,8318,26251,25
meta-llama/llama,2023,1150,58365,0
facebookresearch/metaseq,2022,26972,6530,33
facebook/componentkit,2015,40221,5771,5
facebook/facebook-ios-sdk,2010,92575,7882,119
facebook/fresco,2015,77739,17115,23
facebook/react-native,2015,924068,122616,405
facebook/react,2013,1016339,236316,704
facebook/relay,2015,6812123,18637,149
facebook/rocksdb,2012,227941,29890,380
fake-useragent/fake-useragent,2013,1984,3914,25
faker-js/faker,2022,31146,13942,98
faker-ruby/faker,2008,13647,11367,110
FarGroup/FarManager,2017,190749,1922,101
farm-fe/farm,2022,42757,5359,284
FasterXML/jackson-module-kotlin,2014,2651,1150,116
fastify/fastify,2016,9169,33949,546
fatedier/frp,2015,30428,94987,474
fatfreecrm/fat_free_crm,2008,20469,3608,37
fatih/vim-go,2014,6763,16143,111
feast-dev/feast,2018,145444,6136,387
feathericons/feather,2014,16149,25499,26
feathersjs/feathers,2011,37231,15190,193
felixge/fgprof,2020,542,2995,4
feross/simple-peer,2014,2740,7636,15
fex-team/fis3,2015,31024,2791,4
ffay/lanproxy,2016,9573,5766,6
File-New-Project/EarTrumpet,2015,35350,9685,80
find-sec-bugs/find-sec-bugs,2012,7312,2350,29
firebase/firebase-ios-sdk,2017,91254,6222,486
firecracker-microvm/firecracker,2017,35036,28164,358
firehol/firehol,2013,4955,1526,7
fireice-uk/xmr-stak,2017,5411,4075,8
firezone/firezone,2020,181636,7317,998
fish-shell/fish-shell,2012,83620,30091,580
fjc0k/yapi-to-typescript,2018,5903,462,6
flairNLP/flair,2018,395823,14202,195
flameshot-org/flameshot,2017,24351,26764,333
flatpak/flatpak,2016,48777,4503,358
floooh/chips,2017,15889,1106,17
FlowiseAI/Flowise,2023,59884,39974,1527
FluentValidation/FluentValidation,2009,19977,9392,76
fluent/fluentd,2011,20335,13185,147
flutter/flutter,2015,386842,170933,6184
flyteorg/flyte,2019,334799,6287,547
fogleman/Craft,2013,14666,10727,9
fog/fog,2009,21842,4315,4
formatjs/formatjs,2014,64917,14513,110
FormidableLabs/victory,2015,65666,11160,39
FortAwesome/Font-Awesome,2012,132252,75329,446
fossasia/open-event-wsgen,2015,1075074,2029,13
foundation/foundation-sites,2011,126117,29750,40
foxglove/studio,2024,0,38,806
frappe/erpnext,2011,1390061,25687,2616
frappe/frappe,2011,505745,8550,2253
frappe/hrms,2022,54670,2549,597
FreddieHong19/Open5x,2022,75260,1070,6
FredKSchott/snowpack,2019,82221,19438,4
FreeCAD/FreeCAD,2012,2197061,24996,3933
freerange/mocha,2008,4508,1253,34
FreeRTOS/FreeRTOS-Kernel,2019,123294,3280,72
FreeRTOS/FreeRTOS,2019,135321,6086,189
frejs/fre,2018,7291,3743,6
FriendsOfSymfony/FOSRestBundle,2011,4856,2797,24
fsquillace/junest,2014,514,2161,23
ftylitak/qzxing,2013,149388,636,9
future-architect/vuls,2016,30352,11625,92
fxsjy/jieba,2012,56033,34149,27
gabime/spdlog,2014,41875,26373,275
Gallopsled/pwntools,2013,28063,12652,184
gatsbyjs/gatsby,2015,1143855,55885,304
gazebosim/gz-sim,2020,132463,919,228
gbdev/rgbds,2009,14481,1442,240
geany/geany,2011,73827,3283,303
gem5/gem5,2014,274408,2037,837
Genivia/RE-flex,2015,77189,563,23
Genivia/ugrep,2019,150703,2836,110
chaisql/chai,2018,4938,1598,0
genodelabs/genode,2011,74220,1124,323
gentoo/portage,2014,42178,573,275
getgauge/gauge,2014,14598,3050,46
getkirby/kirby,2017,53291,1401,1142
getlantern/lantern,2011,827492,14907,4
getpelican/pelican,2010,7509,12908,132
getrebuild/rebuild,2018,43546,886,93
getzola/zola,2016,87298,15412,260
gfx-rs/wgpu,2018,69227,14363,1289
ggml-org/llama.cpp,2023,131690,81704,0
ggreer/the_silver_searcher,2011,2426,26619,16
ghiscoding/Angular-Slickgrid,2017,178941,408,38
gildas-lormeau/SingleFile,2010,347024,18396,202
git-lfs/git-lfs,2013,19606,13499,261
gitextensions/gitextensions,2008,145816,8061,567
gitpython-developers/GitPython,2010,11498,4868,265
git/git,2008,279548,55220,10
glebm/i18n-tasks,2013,2998,2115,45
glium/glium,2014,7420,3566,50
globalizejs/globalize,2010,6745,4811,6
gluesql/gluesql,2019,5286,2842,295
gluster/glusterfs,2011,177371,4942,179
gnachman/iTerm2,2011,307731,16024,14
gnome-terminator/terminator,2020,36654,2343,134
GNS3/gns3-gui,2013,66966,2366,102
GNS3/gns3-server,2013,83403,897,130
gnunn1/tilix,2015,17699,5533,54
go-chassis/go-chassis,2018,4268,2733,7
go-ego/gse,2017,21866,2665,18
go-kit/kit,2015,7390,27084,17
go-kratos/kratos,2019,9307,24448,152
go-rod/rod,2020,3779,5988,54
go-swagger/go-swagger,2014,55381,9772,112
goauthentik/authentik,2019,411685,16543,616
gocd/gocd,2013,409084,7238,303
gocolly/colly,2017,8616,24312,41
goharbor/harbor,2016,238773,25739,685
gohugoio/hugo,2013,131128,81519,632
gojue/ecapture,2022,13272,14384,150
goldfire/howler.js,2013,32229,24681,57
googleapis/google-api-ruby-client,2012,2749602,2844,40
GoogleChromeLabs/squoosh,2018,146371,23109,38
GoogleChrome/chrome-extensions-samples,2012,57998,16493,151
GoogleChrome/lighthouse,2016,326481,29069,583
GoogleChrome/workbox,2016,19812,12663,74
GoogleCloudPlatform/gcsfuse,2015,108877,2128,613
GoogleCloudPlatform/PerfKitBenchmarker,2014,29042,1945,19
GoogleCloudPlatform/terraformer,2019,69217,13711,57
googlecodelabs/tools,2016,76686,4402,49
GoogleContainerTools/kaniko,2018,63214,15624,304
GoogleContainerTools/skaffold,2018,157902,15367,254
google/cadvisor,2014,52735,18018,116
google/ExoPlayer,2014,484242,21848,196
google/filament,2018,918844,18550,694
google/go-cloud,2018,43811,9700,69
google/gopacket,2015,3835,6543,27
google/gson,2015,13648,23805,141
google/gvisor,2018,94664,16571,165
google/leveldb,2014,1672,37729,44
google/mtail,2014,6858,3919,16
google/or-tools,2015,1298717,12083,223
google/osv-scanner,2022,15059,7473,388
google/pprof,2016,6494,8506,51
google/re2,2014,10338,9303,50
google/sandboxed-api,2019,138113,1694,5
google/santa,2014,12680,4503,210
gopasspw/gopass,2017,17628,6191,162
gorhill/uBlock,2015,158179,54428,15
gpgpu-sim/gpgpu-sim_distribution,2014,35132,1349,15
gradle/gradle,2009,630673,17771,1599
GrahamCampbell/Laravel-Markdown,2013,400,1334,4
graphile/crystal,2016,103647,12742,0
graphite-project/graphite-web,2012,23910,5981,15
graphql-editor/graphql-editor,2018,32378,6035,41
graphql-python/graphene,2015,2353,8193,28
gravitational/teleport,2015,1103331,18633,8644
greatsuspender/thegreatsuspender,2012,7330,5065,5
greenbone/openvas-scanner,2018,15791,3888,183
gridsome/gridsome,2018,8592,8537,7
grommet/grommet,2015,363655,8367,422
grosser/parallel_tests,2009,32191,3434,43
groue/GRMustache.swift,2014,2189,622,6
grpc-ecosystem/grpc-gateway,2015,11367,19288,108
grpc/grpc-dotnet,2018,8509,4351,261
grpc/grpc-go,2014,41744,21922,583
grpc/grpc-java,2014,107352,11757,892
grpc/grpc-web,2016,1434,8929,61
grpc/grpc,2014,565839,43142,2744
Grsmto/simplebar,2013,21405,6238,17
gruntjs/grunt,2011,2789,12273,11
Guake/guake,2012,7825,4548,61
guildai/guildai,2017,22996,882,21
gulpjs/gulp,2013,1125,33075,52
gurugio/lowlevelprogramming-university,2017,270,12038,9
h2oai/h2o-3,2014,625825,7191,618
habitat-sh/habitat,2015,190022,2642,6
hacklcx/HFish,2019,98161,4359,15
hacl-star/hacl-star,2016,599547,1761,25
haiwen/seafile,2012,12399,13194,86
haml/haml,2008,10581,3777,20
HandBrake/HandBrake,2015,116978,19819,674
handlebars-lang/handlebars.js,2010,4058,18272,63
hankcs/HanLP,2014,72907,35199,75
hanwen/go-fuse,2010,7181,2168,44
hapijs/hapi,2011,17092,14703,48
haproxy/haproxy,2018,104324,5674,379
harness/harness,2014,52963,32845,0
harvesthq/chosen,2011,3057,22104,11
hashicorp/consul,2013,511409,29027,3105
hashicorp/nomad,2015,588358,15508,2761
hashicorp/packer,2013,112442,15387,123
hashicorp/serf,2013,7302,5960,17
hashicorp/terraform-cdk,2020,130041,4994,143
hashicorp/terraform,2014,342041,45362,450
hashicorp/vault,2015,326948,32575,2426
hasura/graphql-engine,2018,5191293,31570,380
HaxeFoundation/haxe,2013,85389,6479,413
HelenOS/helenos,2017,127610,1478,4
helm/helm,2015,24064,28002,517
henrypp/simplewall,2016,12182,7056,323
HeroTransitions/Hero,2016,31540,22322,14
hexojs/hexo,2012,7029,40409,81
hhatto/autopep8,2010,4032,4619,45
hibernate/hibernate-orm,2010,288015,6173,976
highlightjs/highlight.js,2011,15651,24396,165
HIT-SCIR/ltp,2011,16321,5136,40
isar/hive,2019,1159,4256,0
home-assistant/core,2013,720936,79607,5782
Homebrew/brew,2016,99544,43914,1160
homenc/HElib,2013,13243,3198,11
honestbleeps/Reddit-Enhancement-Suite,2011,37015,4289,44
soybeanjs/soybean-admin,2021,13849,12383,0
honza/vim-snippets,2011,2079,4855,27
horizon-ui/horizon-ui-chakra,2022,17629,2690,5
htmlhint/HTMLHint,2013,13179,3157,11
HubSpot/jinjava,2014,6732,732,99
huggingface/transformers,2018,324012,145543,5060
Humanizr/Humanizer,2012,8697,8978,183
hummingbot/hummingbot,2019,556958,12898,561
huxingyi/dust3d,2016,151542,3066,18
hwi/HWIOAuthBundle,2012,3735,2296,54
hybridauth/hybridauth,2011,6732,3359,32
hybridgroup/gobot,2013,12228,9189,113
hygieia/hygieia,2015,76550,3784,5
hynek/structlog,2013,5775,4037,86
hyperjumptech/grule-rule-engine,2019,11132,2340,53
hyperledger/fabric,2016,153158,16147,485
i18next/i18next,2011,23082,8138,141
iawia002/lux,2018,2534,29720,98
iBotPeaches/Apktool,2012,335127,22244,34
iconic/open-iconic,2014,2376,3587,11
icsharpcode/ILSpy,2011,43668,23078,182
ideal-postcodes/postcodes.io,2014,138425,1298,19
idempiere/idempiere,2018,409222,443,479
idurar/idurar-erp-crm,2020,23159,7388,715
IJHack/QtPass,2014,54861,1059,47
illacloud/illa-builder,2022,53751,12051,1239
image-rs/image,2014,37126,5313,264
imazen/imageflow,2014,8288,4304,12
imba/imba,2014,28295,6439,41
import-js/eslint-plugin-import,2015,3969,5746,198
indico/indico,2011,267275,1899,473
indradb/indradb,2018,2562,2293,21
infernojs/inferno,2015,45943,16165,13
InfiniTimeOrg/InfiniTime,2019,49941,3002,79
influxdata/influxdb,2013,203609,30152,586
infobyte/faraday,2013,302079,5471,19
InfuseAI/primehub,2019,5982,401,22
ingokegel/jclasslib,2011,13517,2876,7
inorganik/countUp.js,2013,2478,8116,12
INRIA/spoon,2013,36232,1828,217
InsertKoinIO/koin,2017,43594,9469,236
intellij-rust/intellij-rust,2015,53109,4535,212
intel/hyperscan,2015,5731,5014,27
interpretml/interpret,2019,15543,6524,76
Intervention/image,2013,5064,14160,123
intlify/vue-i18n,2020,28126,2455,0
inverse-inc/packetfence,2012,385677,1490,380
InvoicePlane/InvoicePlane,2014,24073,2733,80
ionic-team/ionic-framework,2013,1503220,51787,826
ionic-team/ionicons,2013,29313,17792,136
stenciljs/core,2017,78709,12798,0
iorate/ublacklist,2018,19275,6154,51
iovisor/bcc,2015,22660,21469,327
ipython-contrib/jupyter_contrib_nbextensions,2013,43402,5275,17
ipython/ipython,2010,81006,16487,327
isl-org/Open3D,2016,607227,12425,405
istanbuljs/istanbuljs,2017,2208,1060,41
istio/istio,2016,281862,36948,4237
iterative/dvc,2017,20460,14542,462
ivanhofer/typesafe-i18n,2020,24759,2339,59
ivre/ivre,2014,30421,3727,93
izhangzhihao/intellij-rainbow-brackets,2017,4240,4555,63
j-easy/easy-rules,2013,1776,5067,9
JamesNK/Newtonsoft.Json,2012,26510,11068,85
jantimon/html-webpack-plugin,2014,1936,10743,53
JanusGraph/janusgraph,2016,60829,5521,313
jaredpalmer/tsdx,2019,3803,11363,8
jarun/nnn,2016,7036,20198,116
jasmine/jasmine,2008,9943,15771,16
graffle-js/graffle,2017,13041,6001,0
jaspervdj/hakyll,2009,18785,2756,33
javaparser/javaparser,2011,45701,5826,206
ghaerr/elks,2013,36669,1365,0
jeecgboot/JeecgBoot,2018,76152,43008,0
jeedom/core,2014,376823,399,342
jekyll/jekyll,2008,69567,50173,146
jellyfin/jellyfin,2018,68581,40673,904
jelmer/dulwich,2009,19159,2126,102
jely2002/youtube-dl-gui,2020,237620,6992,23
jenkins-x/jx,2018,62768,4633,21
jenkinsci/jenkins,2010,165771,24062,526
jenkinsci/jenkinsfile-runner,2018,1793,1174,11
jepsen-io/jepsen,2013,47071,7075,16
jeremylong/DependencyCheck,2025,287925,20,504
run-llama/llama_index,2022,308684,42319,0
JesusFreke/smali,2012,9535,6480,13
JetBrains/Exposed,2013,41586,8788,244
JetBrains/intellij-community,2011,5315133,18077,300
JetBrains/intellij-scala,2011,238218,1214,14
JetBrains/svg-sprite-loader,2015,1848,2029,4
jgraph/drawio,2016,1577158,1707,529
jgthms/bulma,2016,115961,49803,155
jhao104/proxy_pool,2016,540,22446,42
Jigsaw-Code/outline-server,2018,248395,5985,149
jishenghua/jshERP,2016,63451,3670,16
jliljebl/flowblade,2015,97589,2840,63
jlmakes/scrollreveal,2014,1140,22506,12
jmcnamara/libxlsxwriter,2014,25822,1622,35
jmcnamara/XlsxWriter,2013,281214,3790,61
JodaOrg/joda-time,2011,12937,4977,19
joelittlejohn/jsonschema2pojo,2013,12121,6294,59
joemccann/dillinger,2011,15927,8071,11
joernio/joern,2019,167027,2435,1700
GradleUp/shadow,2012,5976,3957,0
joke2k/faker,2012,11280,18454,137
jonase/eastwood,2012,3593,1082,5
jonthornton/jquery-timepicker,2011,2643,1886,7
jordansissel/fpm,2011,3010,11313,47
josdejong/jsoneditor,2012,60720,11932,50
JoshClose/CsvHelper,2009,56026,4965,70
jquery/jquery-ui,2010,30658,11313,59
jquery/jquery,2009,34641,59539,167
Jrohy/multi-v2ray,2018,3445,7040,22
jscad/OpenJSCAD.org,2013,58793,2905,79
jsdom/jsdom,2010,46523,21037,157
json-api/json-api,2013,2991,7581,27
json-c/json-c,2010,4351,3113,43
json-editor/json-editor,2017,7706,4707,206
json-schema-faker/json-schema-faker,2014,26083,3374,36
json-schema-org/json-schema-spec,2015,4228,4331,84
json4s/json4s,2012,3868,1488,27
jsreport/jsreport,2013,246104,1250,68
jsx-eslint/eslint-plugin-react,2014,8415,9169,101
juicedata/juicefs,2021,65212,11702,825
JuliaLang/julia,2011,334194,47200,4152
junit-team/junit4,2009,24371,8525,11
junit-team/junit5,2015,722486,6699,270
jupyter/notebook,2015,43089,12350,251
jzfai/vue3-admin-plus,2021,1618,864,9
k3s-io/k3s,2018,583988,29908,1533
kailong321200875/vue-element-plus-admin,2022,9487,3199,178
kairosdb/kairosdb,2013,50496,1747,6
karatelabs/karate,2017,26456,8565,214
katspaugh/wavesurfer.js,2012,49925,9390,323
kazupon/vue-i18n,2014,21983,7269,17
KDAB/hotspot,2016,9396,4712,131
keepassxreboot/keepassxc-browser,2017,7172,1929,243
keepassxreboot/keepassxc,2016,72330,23381,962
keeweb/keeweb,2015,326249,12583,53
kenwheeler/slick,2014,3686,28639,39
keras-team/autokeras,2017,45538,9239,16
keras-team/keras,2015,46887,63104,1005
kerlomz/captcha_trainer,2018,17345,3121,5
kerryjiang/SuperSocket,2012,28166,4095,68
kevoreilly/CAPEv2,2019,196690,2472,501
keybase/client,2015,690113,9030,998
kiegroup/drools,2023,278121,100,150
kiegroup/optaplanner,2023,244491,393,69
killme2008/aviatorscript,2011,13142,4856,77
kingsic/SGQRCode,2016,53739,1694,7
kittinunf/fuel,2015,2664,4640,19
kivy/kivy,2010,76637,18407,334
kkos/oniguruma,2015,6208,2451,9
kliment/Printrun,2011,83497,2466,64
Klipper3d/klipper,2016,224252,10422,210
kmvan/x-prober,2017,7921,1376,10
knowm/XChart,2011,14929,1556,42
KnpLabs/php-github-api,2012,2208,2192,20
koajs/koa,2013,3794,35517,23
koel/koel,2015,22186,16509,53
Koenkk/zigbee2mqtt,2018,112893,13605,2815
Kong/kong,2014,95183,41039,1144
konsoletyper/teavm,2013,128886,2835,183
koral--/android-gif-drawable,2013,6060,9596,19
kosi-libs/Kodein,2015,5972,3270,17
kotest/kotest,2015,28034,4593,394
kotlin-orm/ktorm,2018,100591,2249,36
Kotlin/dokka,2014,476770,3605,529
Kotlin/kotlinx-datetime,2019,1789,2613,104
Kotlin/kotlinx.coroutines,2016,36250,13404,342
Kotlin/kotlinx.html,2015,1916,1684,49
Kotlin/kotlinx.serialization,2017,10734,5655,330
kovidgoyal/kitty,2016,63638,27730,809
koxudaxi/datamodel-code-generator,2019,13694,3246,198
kpcyrd/sniffglue,2017,1016,1192,9
kpu/kenlm,2011,6102,2620,15
KratosMultiphysics/Kratos,2017,2161946,1123,1101
krayin/laravel-crm,2021,47674,15090,61
kristijanhusak/laravel-form-builder,2014,1342,1715,14
kschiess/parslet,2010,2594,821,4
ktorio/ktor,2015,54228,13660,241
kuaifan/dootask,2021,327949,5015,51
kubeedge/kubeedge,2018,143293,7096,292
kubeflow/pipelines,2018,343931,3859,153
kubernetes-client/javascript,2017,26374,2160,46
kubernetes/kubernetes,2014,1373266,115711,69
kubernetes/minikube,2016,239171,30533,322
kumahq/kuma,2019,325859,3813,1499
Kunzisoft/KeePassDX,2017,64600,5360,196
lalrpop/lalrpop,2015,12294,3260,74
lamdu/lamdu,2011,32686,1872,6
langchain-ai/langchain,2022,438696,109342,1143
langgenius/dify,2023,98701,103055,2826
Laravel-Lang/lang,2013,68293,7644,149
laravel/cashier-stripe,2014,47903,2439,118
laravel/horizon,2017,26270,3970,133
laravel/passport,2016,1579,3350,72
laravel/scout,2016,970,1614,78
laravel/slack-notification-channel,2018,201,887,23
laravel/socialite,2014,735,5683,56
laravel/telescope,2018,13984,5022,103
laravel/tinker,2016,235,7384,10
LavaLite/cms,2014,8914,2878,7
lavary/laravel-menu,2014,462,1170,4
layui/layui,2015,19613,30226,281
ldc-developers/ldc,2011,176796,1275,221
Leaflet/Leaflet,2010,59146,42941,200
leafo/lapis,2012,3530,3218,16
LeeeSe/MessAuto,2022,8236,1485,58
leeoniya/uPlot,2019,8464,9166,108
leerob/next-mdx-blog,2018,207390,7438,0
Legrandin/pycryptodome,2014,41129,3032,64
heyverse/hey,2022,56638,29171,0
lervag/vimtex,2013,11919,5877,227
lesspass/lesspass,2015,47303,5859,24
lewkamtao/lew-ui,2022,26675,1465,26
lf-edge/ekuiper,2019,120911,1596,356
lf-edge/eve,2019,409579,510,350
LibCity/Bigscity-LibCity,2020,41261,1007,66
libgit2/git2go,2013,1517,1970,5
libgit2/libgit2,2010,72219,10010,214
libgit2/libgit2sharp,2011,167598,3305,52
libgit2/pygit2,2010,8618,1653,65
libgit2/rugged,2010,22186,2267,13
librosa/librosa,2012,36774,7686,88
libtom/libtomcrypt,2010,23833,1666,29
libvips/libvips,2011,159521,10386,286
lightbend/config,2011,4627,6227,19
lightningnetwork/lnd,2016,100975,7942,620
lincolnloop/python-qrcode,2011,923,4655,36
line/armeria,2015,266967,4953,342
linkedin/ambry,2013,37603,1753,323
linkedin/dustjs,2012,10298,2916,7
linkerd/linkerd2,2017,53750,10980,577
LinShunKang/MyPerf4J,2018,1152,3517,12
lint-staged/lint-staged,2016,6062,13931,44
linuxmint/nemo,2012,19839,1346,152
LiskArchive/lisk-sdk,2016,143940,2715,0
Litote/kmongo,2016,3117,781,11
lit/lit,2017,59187,19817,235
tape-testing/tape,2012,1540,5789,0
lk-geimfari/mimesis,2016,35468,4585,35
lloyd/yajl,2008,2095,2183,5
lm-sys/FastChat,2023,35345,38727,2170
LMMS/lmms,2014,97354,8775,470
localstack/localstack,2016,52189,59278,568
logto-io/logto,2021,97589,10263,166
longhorn/longhorn,2017,17052,6755,1123
lorien/awesome-web-scraping,2015,484,7034,7
lostisland/faraday,2009,3462,5828,45
lovell/sharp,2013,57932,30563,391
luarocks/luarocks,2010,285226,3486,142
lua/lua,2012,11847,9144,4
luc-github/ESP3D,2015,134968,1850,23
ludovicchabant/vim-gutentags,2014,421,2323,10
lukas-krecan/ShedLock,2016,8504,3885,85
lukeed/uvu,2020,314,3002,8
lukehaas/RunJS,2018,104975,2100,49
Luracast/Restler,2011,9743,1362,8
lxc/lxc,2012,35895,4896,112
lxc/incus,2023,140197,3641,0
lxieyang/chrome-extension-boilerplate-react,2019,1783,3868,26
lyswhut/lx-music-desktop,2019,71910,44494,452
MacDownApp/macdown,2014,13473,9544,13
MacPass/MacPass,2012,25879,6792,20
macvim-dev/macvim,2012,237024,7638,68
magda-io/magda,2016,236498,544,60
magma/magma,2019,276582,1748,86
mahmoud/boltons,2013,1903,6631,26
makehumancommunity/makehuman,2017,72687,1348,14
mallfoundry/taroify,2021,5024,957,144
manticoresoftware/manticoresearch,2017,72306,10612,608
mantisbt/mantisbt,2010,86493,1703,86
mapbox/node-pre-gyp,2013,1480,1141,29
MariaDB/server,2014,1522220,6103,571
markdown-it/markdown-it,2014,3828,19780,81
markedjs/marked,2011,10164,34867,134
markmead/hyperui,2021,41446,11313,57
marko-js/marko,2014,38519,13609,23
MarlinFirmware/Marlin,2011,252180,16825,800
martanne/vis,2014,6341,4357,87
Marus/cortex-debug,2018,31322,1109,114
materializecss/materialize,2020,173167,955,89
mathjax/MathJax,2010,156203,10497,163
mathnet/mathnet-numerics,2009,148402,3615,31
matomo-org/matomo,2011,326322,20587,1211
matplotlib/matplotlib,2011,463437,21330,1770
matsumotory/ngx_mruby,2012,10547,994,12
MatterHackers/MatterControl,2014,103787,478,11
mattermost-community/focalboard,2020,58851,23538,0
Maximus5/ConEmu,2011,97958,8835,52
litedb-org/LiteDB,2014,46011,8936,0
mchaput/whoosh,2019,27093,628,16
mchehab/zbar,2018,5390,1131,28
mdbootstrap/mdb-ui-kit,2014,51128,24293,24
mdbootstrap/TW-Elements,2012,81166,13030,0
mde/ejs,2014,7049,7938,24
mdx-js/mdx,2017,44559,18524,30
mean00/avidemux2,2014,590221,783,25
mebjas/html5-qrcode,2015,22800,5558,131
Megabit/Blazorise,2018,96265,3437,533
meilisearch/meilisearch,2018,73381,51836,396
memcached/memcached,2009,6241,13852,84
memgraph/memgraph,2020,45818,2977,851
mercurius-js/mercurius,2018,1518,2428,40
mesonbuild/meson,2014,43407,6045,1101
messageformat/messageformat,2012,7873,1726,22
metabase/metabase,2015,1022658,42289,5190
metafizzy/isotope,2011,1699,11094,16
metalsmith/metalsmith,2014,3418,7849,14
MetaMask/metamask-extension,2015,954087,12606,1614
metasfresh/metasfresh,2015,330881,1995,1970
meteor/meteor,2012,138877,44653,406
metersphere/metersphere,2020,421904,12081,1562
mg979/vim-visual-multi,2018,1327,4558,23
MichalLytek/type-graphql,2018,276459,8084,51
MagicMirrorOrg/MagicMirror,2014,24613,21342,0
micjahn/ZXing.Net,2016,236506,2878,44
micronaut-projects/micronaut-core,2018,107645,6235,664
MicroPyramid/Django-CRM,2017,7077,2061,21
microsoft/live-share,2017,55602,2320,0
microsoft/CNTK,2015,935217,17581,5
microsoft/component-detection,2021,6150,485,106
deepspeedai/DeepSpeed,2020,227195,38834,0
microsoft/IoT-For-Beginners,2021,325826,15960,21
microsoft/nni,2018,133124,14203,188
microsoft/perfview,2015,290343,4427,142
microsoft/pylance-release,2020,15238,1832,1202
dotnet/yarp,2020,22879,9080,0
microsoft/RulesEngine,2019,411,3949,63
microsoft/SEAL,2018,4920,3797,39
microsoft/TemplateStudio,2016,477049,2771,55
microsoft/terminal,2017,153930,98572,1054
microsoft/TypeScript,2014,2902891,104934,2385
microsoft/vscode-languageserver-node,2015,7747,1600,199
microsoft/vscode,2015,1027156,173462,19541
microsoft/winget-cli,2019,41897,24362,752
micro/micro,2015,22079,12257,25
middleman/middleman,2009,23645,7094,21
mifi/editly,2020,729,4993,13
mifi/lossless-cut,2016,21373,31702,196
mikepenz/MaterialDrawer,2015,23270,11660,7
mikro-orm/mikro-orm,2018,69998,8320,471
RudjiGames/MTuner,2017,7216,2705,0
milvus-io/milvus,2019,236257,35327,1788
mindsdb/mindsdb,2018,260845,32040,2804
minio/minio,2015,134139,53090,1927
mint-lang/mint,2018,6036,4125,76
mishoo/UglifyJS,2012,19132,13325,30
MithrilJS/mithril.js,2014,10657,14265,51
mitreid-connect/OpenID-Connect-Java-Spring-Server,2011,15301,1498,10
miyagawa/cpanminus,2010,5712,769,17
mkdocs/mkdocs,2014,33236,20583,291
ml5js/ml5-library,2017,381860,6553,22
mlflow/mlflow,2018,834842,20833,1126
mlrun/mlrun,2019,97388,1547,1726
mltframework/shotcut,2012,105238,12112,90
mobile-shell/mosh,2011,2727,12977,47
moby/moby,2013,235188,69888,1983
moby/swarmkit,2016,40953,3487,30
mochajs/mocha,2011,28845,22765,121
mockery/mockery,2009,89441,10699,111
mockito/mockito,2012,49385,15193,190
mockk/mockk,2017,14446,5579,127
mollie/laravel-mollie,2016,269,346,12
monero-project/monero,2014,190885,9538,434
mongodb/mongo,2009,1176392,27205,50
monicahq/monica,2017,152443,22868,151
MontFerret/ferret,2018,4969,5820,6
MoonInTheRiver/DiffSinger,2021,64912,4519,9
moosefs/moosefs,2016,6908,1816,17
MovingBlocks/Terasology,2011,305847,3725,124
Moya/Moya,2014,18280,15278,32
mozilla-mobile/firefox-android,2022,478852,1761,1201
mozilla-mobile/firefox-ios,2014,946849,12583,2511
mozilla/gecko-dev,2013,6167443,3635,5
mozilla/nunjucks,2012,7884,8717,23
mozilla/pontoon,2011,47672,1563,333
mozilla/webextension-polyfill,2016,333,2903,14
mpv-player/mpv,2012,109618,30971,1538
mrdoob/three.js,2010,1441852,106638,1589
mRemoteNG/mRemoteNG,2010,265395,9785,123
mssun/passforios,2017,44150,1572,25
mulesoft/api-console,2013,88724,909,16
mumble-voip/mumble,2011,124819,6982,216
murphysecurity/murphysec,2022,5281,1730,10
mushorg/conpot,2013,3059,1343,9
mvel/mvel,2011,14647,1144,29
mviereck/x11docker,2015,40834,5876,28
mxe/mxe,2012,27372,1243,85
MycroftAI/mycroft-core,2016,120141,6590,10
MyRobotLab/myrobotlab,2014,143646,235,121
n8n-io/n8n,2019,219128,106906,756
nameko/nameko,2013,5967,4738,13
NanoComp/meep,2014,108065,1395,159
nanovms/nanos,2017,11147,2797,150
nasa/fprime,2017,439464,10325,507
NativeScript/NativeScript,2015,177919,24819,186
NatronGitHub/Natron,2018,153547,4956,83
NaturalHistoryMuseum/pyzbar,2016,150,769,15
naudio/NAudio,2015,10868,5838,91
navidrome/navidrome,2016,43792,14988,93
nayuki/QR-Code-generator,2016,1389,5871,20
NeilFraser/JS-Interpreter,2013,2526,2088,18
nelmio/alice,2012,5346,2528,36
neo-project/neo,2015,14204,3522,296
neo4j/neo4j,2012,667549,14476,250
neoclide/coc.nvim,2018,75384,24891,209
neomake/neomake,2014,5293,2668,5
neonbjb/tortoise-tts,2022,55498,14278,246
neovide/neovide,2019,83294,14072,532
neovim/neovim,2014,327943,90276,4136
NerdLang/nerd,2017,171778,3606,6
jd-opensource/taro-ui,2018,28640,4655,0
NervJS/taro,2018,1584055,36594,1031
nestjs/nest,2017,395401,71323,684
netdata/netdata,2013,232954,74773,1980
Netflix/conductor,2016,29469,12780,140
Netflix/eureka,2012,12481,12555,38
Netflix/Hystrix,2012,9799,24329,15
Netflix/metaflow,2019,44786,8884,369
Netflix/zuul,2013,5820,13804,130
newpanjing/simpleui,2018,14152,3657,27
aboutcode-org/scancode-toolkit,2015,702216,2301,0
aboutcode-org/scancode.io,2020,77597,136,0
nextcloud/deck,2017,135758,1285,330
nexxtway/react-rainbow,2018,28623,1794,9
nginx-proxy/acme-companion,2015,1036,7566,38
nginx-proxy/nginx-proxy,2014,1759,19380,76
NginxProxyManager/nginx-proxy-manager,2017,18034,26622,362
nginx/nginx,2015,74511,27141,11
jsverse/transloco,2019,36251,2126,0
ngxs/store,2018,36957,3556,28
nikic/PHP-Parser,2011,7762,17257,67
nilsteampassnet/TeamPass,2011,163644,1724,343
nim-lang/Nim,2010,127452,17114,720
nim-lang/nimble,2011,3518,1310,96
ninja-build/ninja,2011,5013,11987,107
nitely/nim-regex,2018,3198,230,17
NixOS/nix,2012,122393,14483,1939
NLog/NLog,2012,117746,6435,43
nlohmann/json,2013,222175,46040,124
NLPchina/ansj_seg,2012,352518,6523,7
NLPchina/elasticsearch-sql,2014,8890,7021,29
NLPIR-team/NLPIR,2015,1800125,3448,8
nltk/nltk,2009,354496,14114,91
nmap/nmap,2012,115531,11229,165
nmap/npcap,2015,13046,3214,51
nocodb/nocodb,2017,1306508,54872,1264
node-red/node-red,2013,62734,21342,435
nodegit/nodegit,2011,53778,5711,16
nodejs/node-gyp,2012,5707,10243,171
nodeshift/opossum,2016,8686,1455,64
noisetorch/NoiseTorch,2020,6158,9704,21
nortikin/sverchok,2013,680393,2329,193
nostra13/Android-Universal-Image-Loader,2011,27133,16833,8
Nozbe/WatermelonDB,2018,31097,11042,138
npm/cli,2018,169499,8921,862
NREL/api-umbrella,2012,31132,2075,5
NREL/EnergyPlus,2013,1114614,1269,397
NRules/NRules,2014,5841,1573,15
ntop/ntopng,2015,410350,6760,843
NuGet/NuGetGallery,2011,104985,1585,357
Nuitka/Nuitka,2013,61875,13289,530
numba/numba,2012,79773,10468,498
numpy/numpy,2010,159739,29674,2386
numworks/epsilon,2017,69360,1791,121
nunit/nunit,2013,40157,2584,262
larastan/larastan,2018,7173,5945,0
nurupo/vlc-pause-click-plugin,2014,241,1018,7
nutsdb/nutsdb,2018,1401,3474,125
nuxsmin/sysPass,2013,35417,988,18
nuxt/nuxt,2016,122980,57278,1881
nvbn/thefuck,2015,4043,92305,62
nvim-telescope/telescope.nvim,2020,4497,17708,555
NVlabs/ODISE,2023,17199,913,27
nwjs/nw.js,2012,134132,40831,110
o3de/o3de,2021,218225,8307,1682
OAI/OpenAPI-Specification,2014,7716,29830,297
oauthlib/oauthlib,2011,3143,2885,24
objective-see/LuLu,2017,25020,10953,51
oceanbase/oceanbase,2021,709267,9189,446
ochococo/Design-Patterns-In-Swift,2014,1399,15243,8
OctoPrint/OctoPrint,2012,58031,8595,136
OData/odata.net,2014,104787,705,137
odoo/odoo,2014,11512720,43579,14196
ohmyzsh/ohmyzsh,2009,12874,179170,570
OISF/suricata,2012,80914,5324,872
olado/doT,2011,219,5042,6
olikraus/u8g2,2015,198796,5705,204
olive-editor/olive,2017,30609,8606,79
olton/metroui,2012,340976,7056,0
ompl/ompl,2014,219916,1737,116
onevcat/Kingfisher,2015,7153,23875,144
open-keychain/open-keychain,2012,81063,2384,67
open-policy-agent/opa,2015,1091526,10336,337
open-source-parsers/jsoncpp,2014,2865,8561,41
openai/gpt-2,2019,4486,23668,18
OpenAPITools/openapi-generator,2018,918673,23978,2699
OpenAtomFoundation/pikiwidb,2014,109093,6026,0
OpenAtomFoundation/TobudOS,2019,391458,5981,0
OpenBankProject/OBP-API,2012,46008,1606,10
openblocks-dev/openblocks,2022,136433,6038,24
openboxes/openboxes,2012,101957,725,531
opencontainers/runc,2015,23731,12430,307
opencontainers/runtime-spec,2015,1782,3380,41
opencv/opencv,2012,547394,82602,1783
openebs/openebs,2016,46193,9339,54
openenclave/openenclave,2017,345925,1119,76
openfaas/faas,2016,29989,25704,33
openfga/openfga,2022,82383,3700,230
openframeworks/openFrameworks,2009,2213295,10169,350
openhab/openhab-core,2015,41596,1027,449
openhab/openhabian,2016,6607,828,64
OpenMOSS/MOSS,2023,39938,12054,0
OpenMined/PySyft,2017,771392,9715,785
OpenModelica/OpenModelica,2015,327774,979,1395
OpenRCT2/OpenRCT2,2014,251709,14386,909
openresty/lua-nginx-module,2010,15563,11541,112
openresty/openresty,2010,2742,13107,66
openresty/stream-lua-nginx-module,2016,1410,739,32
openrewrite/rewrite,2020,100357,2810,863
openscad/openscad,2010,78451,7927,442
OpenSCAP/openscap,2014,32100,1513,121
opensearch-project/OpenSearch,2021,580031,10925,1774
OpenShot/openshot-qt,2015,590380,4830,237
openstack/nova,2010,305739,3136,4
OpenTSDB/opentsdb,2010,41493,5042,15
OpenTTD/OpenTTD,2018,580062,6939,1560
OpenVPN/openvpn,2012,25131,11950,200
openwall/john,2011,132817,11481,154
openyurtio/openyurt,2020,67470,1804,128
openzfs/zfs,2009,139487,11296,1110
opossum-tool/OpossumUI,2021,50464,65,453
optuna/optuna,2018,20982,12109,347
Orange-Cyberdefense/grepmarx,2023,210934,251,6
orangehrm/orangehrm,2017,62656,918,140
orientechnologies/orientdb,2012,297263,4830,114
orocos/orocos_kinematics_dynamics,2013,2146,777,16
ortelius/ortelius,2017,942352,353,35
ory/hydra,2015,120262,16257,87
oshai/kotlin-logging,2016,986,2831,42
osquery/osquery,2014,27124,22522,237
ossrs/srs,2015,257018,27113,346
OtterBrowser/otter-browser,2013,70413,1896,18
overtone/overtone,2010,9322,6022,18
OwlCarousel2/OwlCarousel2,2014,2820,7932,21
owncloud/client,2012,226651,1433,484
owncloud/core,2012,352998,8544,117
owtf/owtf,2012,27050,1874,30
ozmartian/vidcutter,2016,162004,1898,22
PaddlePaddle/Paddle,2016,499824,22858,2572
padloc/padloc,2013,50533,2766,29
padrino/padrino-framework,2009,11149,3384,16
pallets/flask,2010,11028,69737,223
pallets/jinja,2010,6930,10909,78
PanJiaChen/vue-element-admin,2017,15433,89445,69
ParabolInc/parabol,2015,145913,1965,1175
paralleldrive/riteway,2017,4464,1153,9
parcel-bundler/parcel,2017,60506,43863,488
paritytech/polkadot,2018,193724,7141,334
paritytech/substrate,2017,272000,8399,466
particle-iot/device-os,2013,136047,1060,106
passbolt/passbolt_api,2016,155423,5099,29
patrickmn/go-cache,2012,126,8500,11
patriksimek/vm2,2014,652,3915,10
pavel-odintsov/fastnetmon,2013,33415,3525,25
pay-rails/pay,2017,6506,2094,82
payloadcms/payload,2021,150615,35346,2560
Payum/Payum,2012,12528,1888,27
Payum/PayumBundle,2012,1679,576,10
pdepend/pdepend,2010,23542,939,64
pencil2d/pencil,2013,88932,1570,62
PennyLaneAI/pennylane,2018,128272,2692,328
petercorke/robotics-toolbox-python,2015,178127,2584,52
petersalomonsen/wasm-git,2020,159,719,16
pfsense/pfsense,2011,405921,5267,43
philc/vimium,2009,6572,24886,188
PhilippC/keepass2android,2017,89910,5309,247
PhilJay/MPAndroidChart,2014,21593,38007,62
php-imagine/Imagine,2010,15238,4430,8
phpipam/phpipam,2015,26859,2428,245
PHPOffice/PhpSpreadsheet,2016,74597,13668,342
php/php-src,2011,597246,39153,2620
pi-hole/pi-hole,2014,8630,52176,173
Pikaday/Pikaday,2012,594,8063,7
pikvm/pikvm,2019,64155,9044,282
pingcap/tidb,2015,549256,38566,2892
PintaProject/Pinta,2011,47969,2621,440
pinterest/gestalt,2018,68953,4310,53
PipedreamHQ/pipedream,2020,569934,9973,3414
PixarAnimationStudios/OpenSubdiv,2012,68906,2975,28
pkulchenko/ZeroBraneStudio,2011,146334,2686,20
Plachtaa/VITS-fast-fine-tuning,2023,517,4926,343
plasma-umass/coz,2013,9427,4260,11
plasma-umass/scalene,2019,14763,12722,171
plasmicapp/plasmic,2021,209784,5794,25
plausible/analytics,2018,406417,22657,497
plotly/plotly.js,2015,1653966,17625,366
pmckeown/dependency-track-maven-plugin,2019,669,71,8
pmd/pmd,2012,524114,5110,369
pmndrs/react-spring,2018,675968,28731,52
pnpm/pnpm,2016,185822,31861,1063
pointfreeco/swift-dependencies,2022,1455,1856,67
ponylang/ponyc,2012,19993,5881,148
portworx/pxc,2019,26629,16,6
postgres/postgres,2010,649827,17790,20
pouchdb/pouchdb,2010,125667,17269,287
POV-Ray/povray,2013,192483,1421,8
PowerDNS-Admin/PowerDNS-Admin,2015,36183,2611,74
pqina/filepond,2017,4029,15588,62
prancer-io/cloud-validation-framework,2019,3592,122,20
preactjs/preact,2015,17719,37689,197
preactjs/wmr,2020,4267,4928,4
preconstruct/preconstruct,2018,5623,1181,10
predis/predis,2009,8649,7688,170
PrefectHQ/prefect,2018,181956,19514,1281
premake/premake-core,2015,39954,3396,101
preservim/nerdtree,2008,1965,19916,52
preservim/tagbar,2011,3690,6195,21
preservim/vim-markdown,2009,571,4758,25
presidentbeef/brakeman,2010,41893,7115,37
prestodb/presto,2012,242546,16376,2475
prettier/eslint-config-prettier,2017,4257,5705,23
prettier/eslint-plugin-prettier,2017,785,3523,35
prettier/prettier,2016,152199,50549,825
primefaces/primeng,2016,200283,11647,1561
primer/octicons,2014,16941,8503,24
primer/react,2018,381375,3575,127
primihub/primihub,2022,20404,1331,302
prisma/prisma,2019,146250,42546,1896
PrismJS/prism,2012,14355,12650,83
PrivateBin/PrivateBin,2016,15190,7255,123
projectdiscovery/katana,2021,1819,13801,156
projectdiscovery/nuclei,2020,40687,23631,889
projectdiscovery/subfinder,2018,9894,11791,147
projectlombok/lombok,2009,80909,13184,217
ProjectOpenSea/seaport,2022,49013,2185,80
prometheus/prometheus,2012,256693,58942,1241
prowler-cloud/prowler,2016,142315,11726,580
prusa3d/PrusaSlicer,2016,388068,8196,2024
pry/pry,2010,8640,6791,34
psf/black,2018,7306,40356,441
psf/requests,2011,13192,52949,210
pterodactyl/panel,2015,27772,7670,260
pugjs/pug,2010,14865,21807,16
puppeteer/puppeteer,2017,1112245,90887,1152
puppetlabs/puppet,2010,90565,7615,189
pure-css/pure,2013,7788,23717,12
purescript/purescript,2013,13731,8716,64
pwa-builder/PWABuilder,2015,197590,3126,284
pwnlandia/mhn,2014,5957,2456,10
pwsafe/pwsafe,2015,134130,780,239
pycaret/pycaret,2019,267573,9353,290
pyca/cryptography,2013,59281,7077,898
pycontribs/subprocess-tee,2020,160,61,11
PyCQA/pycodestyle,2009,1910,5105,79
pyexcel/pyexcel,2014,4163,1245,8
pygments/pygments,2019,28478,1978,203
pymc-devs/pymc,2009,540680,9069,228
pyscf/pyscf,2014,85994,1373,448
pytest-dev/pytest,2015,36270,12792,780
python-babel/babel,2013,3441,1376,37
python-control/python-control,2014,31517,1839,100
python-mode/python-mode,2011,10905,5462,12
python-pillow/Pillow,2012,207569,12855,764
python/cpython,2017,706456,67473,10136
pytorch/pytorch,2016,1065910,90768,6372
qdrant/qdrant,2020,34590,24121,1555
Qianlitp/crawlergo,2019,10071,2933,11
qos-ch/logback,2009,30281,3114,112
QuantumBFS/Yao.jl,2018,32627,983,16
quasarframework/quasar,2015,471621,26647,451
questdb/questdb,2014,768625,15301,1001
quickwit-oss/tantivy,2016,63170,13259,322
quinn-rs/quinn,2018,10579,4284,242
qunitjs/qunit,2009,13053,4021,27
qvacua/vimr,2014,37215,6818,26
rabbitmq/rabbitmq-dotnet-client,2010,74985,2196,144
rabbitmq/rabbitmq-server,2010,216165,12864,1219
ractivejs/ractive,2012,139639,5937,10
rails-sqlserver/tiny_tds,2010,1114,618,24
rails/rails,2008,265642,56988,3193
RaiMan/SikuliX1,2018,175583,2974,37
rancher/rancher,2014,165305,24262,2813
randombit/botan,2013,109674,2949,436
pulldown-cmark/pulldown-cmark,2015,4505,2255,0
rapi-doc/RapiDoc,2019,95900,1807,80
rapid7/metasploit-framework,2011,1147411,35721,889
yujqiao/rathole,2021,662,10873,0
piskvorky/gensim,2011,106150,16060,0
RasaHQ/rasa,2016,1610980,20284,133
raspberrypi/linux,2012,4674231,11758,628
ravendb/ravendb,2010,827521,3788,1673
rawgraphs/rawgraphs-app,2013,57203,8806,27
ray-project/ray,2016,556852,37500,8919
raysan5/raygui,2016,12785,4112,113
raysan5/raylib,2013,392639,26789,745
rclone/rclone,2014,207281,50957,729
rdiankov/openrave,2012,540031,762,146
react-bootstrap/react-bootstrap,2013,32303,22563,149
react-cosmos/react-cosmos,2014,27325,8486,27
ReactiveMongo/ReactiveMongo,2012,7610,849,85
ReactiveX/RxSwift,2015,96202,24587,67
aeron-io/simple-binary-encoding,2013,27542,3259,0
realgud/realgud,2009,3352,907,6
realm/realm-swift,2012,66555,16501,239
realvizu/NsDepCop,2016,17498,214,7
RedisGraph/RedisGraph,2017,65077,2018,102
redis/jedis,2010,14903,12079,319
redis/redis-py,2009,10171,13089,412
redis/redis,2009,201436,69636,968
redmine/redmine,2012,100192,5645,6
redwoodjs/graphql,2019,456875,17633,0
refinedev/refine,2021,7379653,31229,286
remarkjs/remark,2014,14546,8246,8
remo7777/T-Header,2018,698,664,7
renatomarinho/laravel-page-speed,2017,216,2454,13
rest-assured/rest-assured,2010,11391,6979,89
restify/node-restify,2011,4373,10714,19
rethinkdb/rethinkdb,2012,281188,26896,28
RetireJS/retire.js,2013,3079,3861,23
RetroPie/RetroPie-Setup,2012,24298,10202,191
Revolutionary-Games/Thrive,2012,164230,3186,475
RfidResearchGroup/proxmark3,2018,89019,4616,159
RickdeJager/stegseek,2020,1604,1134,8
riot/riot,2013,25635,14855,18
rm-hull/nvd-clojure,2016,480275,281,6
rmax/scrapy-redis,2011,233,5607,16
robfletcher/strikt,2018,2958,599,8
robocorp/rpaframework,2020,153600,1331,177
robotframework/robotframework,2014,166050,10762,325
RobotLocomotion/drake,2014,419623,3597,1882
RodZill4/material-maker,2018,614072,4071,61
rollup/plugins,2019,7269,3705,165
rollup/rollup,2015,32248,25807,157
ron190/jsql-injection,2012,361961,1630,21
rook/rook,2016,69003,12877,785
roots/sage,2011,10229,12993,41
ropensci/git2r,2013,12010,219,15
ros2/ros2,2015,420,4225,122
rouge-ruby/rouge,2012,5042,3375,90
rpm-software-management/dnf,2012,58285,1296,148
rpm-software-management/rpm,2015,85597,541,437
rrrene/credo,2015,5418,5012,74
rsocket/rsocket-go,2017,6752,516,5
rspec/rspec-core,2009,12027,1231,40
rstudio/rstudio,2010,1022489,4809,1338
rsuite/rsuite,2016,167325,8544,155
RT-Thread/rt-thread,2013,910985,11186,1362
rubik/radon,2012,2723,1851,14
rubocop/rubocop,2012,49870,12744,924
ruby-amqp/bunny,2011,4158,1400,14
ruby-git/ruby-git,2008,1307,1767,42
rubygems/rubygems,2010,203187,3774,704
rubysec/bundler-audit,2013,556,2702,5
ruby/irb,2018,3094,413,325
ruby/rdoc,2010,8323,863,75
ruby/ruby,2010,337702,22688,2491
runatlantis/atlantis,2018,57983,8298,559
rundeck/rundeck,2010,215897,5810,614
rupa/z,2009,168,16663,6
rust-embedded/rust-raspberrypi-OS-tutorials,2018,21234,14249,31
rust-lang/mdBook,2015,6447,19798,250
rust-lang/regex,2014,7793,3710,144
RustPython/RustPython,2018,70385,20154,305
RVC-Project/Retrieval-based-Voice-Conversion-WebUI,2023,14585,30051,987
rvm/rvm,2009,23069,5165,102
rwaldron/johnny-five,2012,95042,13364,20
ryanoasis/vim-devicons,2014,2961,5741,10
s-matyukevich/raspberry-pi-os,2017,2016,13514,5
s0md3v/Photon,2018,358,11643,7
saadeghi/daisyui,2020,10762539,37216,473
safing/portmaster,2018,40026,10282,121
salesagility/SuiteCRM,2013,144969,4894,277
salesforce/lwc,2017,46143,1697,509
saltcorn/saltcorn,2020,156667,1852,587
saltstack/salt,2011,554918,14558,1506
sameersbn/docker-gitlab,2013,7458,8011,174
sampotts/plyr,2015,65933,28775,85
sangria-graphql/sangria,2015,8330,1963,100
SAP/openui5,2013,1118492,3105,230
SAP/ui5-webcomponents,2019,121275,1638,1647
sartography/SpiffWorkflow,2009,32846,1780,69
saucepleez/taskt,2018,265828,1183,8
savio-code/fern-wifi-cracker,2015,2890,1385,7
sbt/sbt,2009,50467,4846,264
scalate/scalate,2010,52425,607,7
scalatra/scalatra,2009,8323,2651,38
scala/scala,2011,161618,14389,354
schrodinger/pymol-open-source,2018,58850,1384,61
scipy-lectures/scientific-python-lectures,2010,25420,3144,0
ScottPlot/ScottPlot,2018,142752,5885,916
scrapfly/python-scrapfly,2020,689,43,9
scrapy-plugins/scrapy-playwright,2020,1006,1194,52
scrapy/scrapy,2010,28457,57031,226
screwdriver-cd/screwdriver,2016,5803,1028,211
scylladb/scylladb,2014,211591,14580,3909
SDWebImage/SDWebImage,2009,25456,25335,149
seancorfield/honeysql,2012,1826,1824,37
searchkit/searchkit,2015,88285,4826,45
searx/searx,2013,22303,13492,15
sebastianbergmann/php-code-coverage,2009,67877,8893,27
sebastianbergmann/phpunit,2009,190802,19872,326
seccome/Ehoney,2021,1070871,1252,7
secdev/scapy,2015,87672,11495,139
secretflow/secretflow,2022,207518,2458,488
seladb/PcapPlusPlus,2014,94097,2896,91
Seldaek/monolog,2011,4908,21251,79
SeldonIO/alibi,2019,31814,2520,34
select2/select2,2012,14127,25968,59
SeleniumHQ/selenium,2013,2335552,32521,586
Semantic-Org/Semantic-UI,2013,113201,51165,17
senecajs/seneca,2010,8947,3967,20
senx/warp10-platform,2016,14730,394,94
SerenityOS/serenity,2018,236126,31874,4648
serge-sans-paille/pythran,2012,37136,2083,100
Serial-Studio/Serial-Studio,2020,185511,5531,28
serilog/serilog,2013,76439,7592,145
servo/servo,2012,1540631,30747,1141
servo/webrender,2015,83752,3233,39
SFML/SFML,2011,111366,11014,139
SFTtech/openage,2013,18704,13654,129
shadcn-ui/taxonomy,2022,14478,18942,0
shadowsocks/shadowsocks-android,2012,53762,35808,34
shadowsocks/shadowsocks-rust,2014,8330,9496,142
shadowsocks/shadowsocks-windows,2013,13489,58844,50
sheerun/vim-polyglot,2013,9970,5660,11
ShishirPatil/gorilla,2023,363728,12145,355
Shopify/quilt,2018,33959,1692,37
Shopify/semian,2014,1375,1417,15
shopware/shopware,2018,317699,3067,0
Shougo/deoplete.nvim,2014,2213,5950,7
SigmaHQ/sigma,2016,44880,9296,487
signalapp/Signal-Android,2011,1744347,27146,330
Significant-Gravitas/AutoGPT,2023,253514,176101,0
simov/grant,2014,1595,4153,12
simple-icons/simple-icons,2012,66942,22743,1959
sinonjs/sinon,2010,43710,9732,36
SirVer/ultisnips,2011,7069,7617,21
sitespeedio/sitespeed.io,2012,420954,4869,294
sketch-hq/SketchAPI,2016,10083,846,7
skip2/go-qrcode,2015,96,2844,5
skywind3000/z.lua,2018,1147,3072,28
slatedocs/slate,2013,2489,36145,38
slevithan/xregexp,2012,4906,3331,8
slic3r/Slic3r,2011,167468,3455,14
smacke/ffsubsync,2019,3880,7191,9
smartcontractkit/chainlink,2017,712562,7359,118
smartxworks/sunmao-ui,2021,16068,1420,18
smartystreets/goconvey,2013,4011,8355,13
Snapchat/KeyDB,2019,38115,12022,134
canonical/snapd,2015,167614,1957,0
SnapKit/SnapKit,2014,2890,20196,34
snort3/snort3,2014,90759,2911,62
socketio/socket.io-client-swift,2015,3369,5265,42
SoCo/SoCo,2013,3494,1533,13
SoftEtherVPN/SoftEtherVPN,2014,541178,12304,124
softwaremill/elasticmq,2011,4894,2663,172
solana-labs/solana,2018,448781,14173,1087
soldair/node-qrcode,2010,1203,7807,24
solid-software/flutter_vlc_player,2019,1359,566,70
solidjs/solid,2018,13886,33770,206
solo-io/gloo,2024,228994,100,514
Sonarr/Sonarr,2011,300344,11904,842
sonic-pi-net/sonic-pi,2013,382386,11155,102
sony/gobreaker,2015,51,3196,10
sous-chefs/docker,2013,5201,1369,12
SpacehuhnTech/esp8266_deauther,2017,16399,14121,10
wsdjeg/SpaceVim,2016,70665,20360,0
SpartnerNL/Laravel-Excel,2013,3263,12511,80
spatie/laravel-activitylog,2016,2006,5533,43
spatie/laravel-backup,2015,2475,5823,53
spatie/laravel-medialibrary,2015,8710,5944,162
spatie/laravel-permission,2015,3046,12526,114
spatie/laravel-responsecache,2015,854,2607,9
spencermountain/compromise,2011,58443,11762,91
spesmilo/electrum,2012,66436,7931,467
sphinx-doc/sphinx,2015,103328,7142,810
owasp-modsecurity/ModSecurity,2011,77057,8904,0
spinnaker/spinnaker,2014,191684,9490,47
spotbugs/spotbugs,2016,146743,3669,237
spotify/luigi,2012,11410,18337,45
spring-cloud/spring-cloud-stream,2015,18613,1025,203
spring-projects/spring-amqp,2010,19276,832,139
spring-projects/spring-batch,2010,106658,2821,190
spring/spring,2008,162004,3707,7
spullara/mustache.java,2010,2587,1922,9
sqlalchemy/sqlalchemy,2018,94214,10526,588
sqlmapproject/sqlmap,2012,84988,34368,256
square/kotlinpoet,2017,6560,4030,131
square/leakcanary,2015,147448,29711,139
square/okio,2014,9196,8897,150
square/retrofit,2010,6213,43546,111
Squidex/squidex,2016,76453,2404,91
sshuttle/sshuttle,2014,1945,12367,50
ssloy/tinyrenderer,2015,64024,22021,9
ssssssss-team/spider-flow,2020,3382,10005,4
stacks-network/stacks-core,2014,158954,3030,0
StackStorm/st2,2014,42494,6271,136
stalniy/casl,2017,21545,6407,64
stanfordnlp/CoreNLP,2013,396474,9908,57
QuivrHQ/quivr,2023,130359,37981,0
StartBootstrap/startbootstrap-clean-blog-jekyll,2014,31570,2129,26
StartBootstrap/startbootstrap-clean-blog,2014,25742,1799,7
StartBootstrap/startbootstrap-resume,2017,17311,2099,5
StartBootstrap/startbootstrap-sb-admin-2,2014,29395,9841,7
StartBootstrap/startbootstrap-sb-admin,2014,30793,3292,4
statsmodels/statsmodels,2011,54948,10729,340
jqlang/jq,2012,7677,31917,0
SteeltoeOSS/Samples,2016,11696,646,21
SteeltoeOSS/Steeltoe,2019,29559,1058,87
steinbergmedia/vstgui,2015,14440,934,24
stisla/stisla,2018,27357,3617,4
StockSharp/StockSharp,2014,1943955,8158,10
storj/storj,2018,168049,3121,559
strapi/strapi,2015,594925,66980,1893
stripe/stripe-dotnet,2011,41606,1422,82
stripe/stripe-ios,2012,1540647,2401,887
stripe/stripe-node,2011,18608,4101,157
stripe/stripe-php,2011,7779,3885,84
stripe/stripe-python,2011,21687,1816,211
stripe/stripe-ruby,2011,20318,2019,65
strongloop/loopback,2013,8722,13198,4
strukturag/libde265,2013,6835,1797,40
StylishThemes/GitHub-Dark,2011,104320,9726,6
subsurface/subsurface,2011,157351,2788,240
sullo/nikto,2012,5405,9353,29
supercollider/supercollider,2012,168459,5867,234
survivejs/webpack-merge,2015,1746,2687,8
Suwayomi/Suwayomi-Server,2020,48541,5176,0
sveltejs/kit,2020,29419,19385,1032
sveltejs/svelte,2016,114866,83060,1466
sverweij/dependency-cruiser,2016,63960,5832,30
SVF-tools/SVF,2015,19844,1546,196
swagger-api/swagger-codegen,2011,105622,17411,221
sweetalert2/sweetalert2,2015,21397,17715,75
SwiftyJSON/SwiftyJSON,2014,1164,22866,22
swoole/swoole-src,2012,54130,18690,155
Swordfish90/cool-retro-term,2013,17738,23410,51
symfony/symfony,2010,297476,30391,2954
symless/synergy,2024,97042,63,0
syndtr/goleveldb,2013,1960,6271,11
syvaidya/openstego,2015,5664,1270,4
t3-oss/create-t3-app,2022,8067,27346,185
tabler/tabler,2018,360422,39559,137
tachyons-css/tachyons,2013,18389,11661,5
taigaio/taiga-back,2021,24314,708,9
tailwindlabs/headlessui,2020,6827,27462,246
tailwindlabs/tailwindcss,2017,111219,88367,651
tajo/ladle,2020,26115,2760,45
tancik/StegaStamp,2019,204,756,6
tarantool/tarantool,2010,125014,3508,1218
TarsCloud/Tars,2017,15965,9997,10
tasks/tasks,2013,131073,4238,303
tatsu-lab/stanford_alpaca,2023,8654,30034,61
tc39/ecma262,2014,577951,15350,236
TeamNewPipe/NewPipe,2015,79444,34041,570
tektoncd/pipeline,2018,134687,8675,295
telekom-security/tpotce,2014,334855,7992,84
Templarian/MaterialDesign,2014,146225,11144,319
tenancy/multi-tenant,2015,1586,2587,7
Tencent/APIJSON,2016,73239,17988,142
Tencent/CodeAnalysis,2021,695674,1761,144
Tencent/MMKV,2018,47557,17999,171
Tencent/rapidjson,2014,30407,14714,116
Tencent/weui-wxss,2016,2379,15217,12
tenox7/wrp,2016,875,1145,7
tensorflow/tensorboard,2017,123226,6898,442
tensorflow/text,2019,14729,1258,51
terminusdb/terminusdb,2019,13710,2968,252
tern-tools/tern,2017,6930,989,18
terrier-org/terrier-core,2016,7736,259,8
terser/terser,2015,13604,8990,119
tesseract-ocr/tesseract,2014,53566,67501,146
testcontainers/testcontainers-java,2015,13650,8243,473
testng-team/testng,2010,33046,2026,116
tfranzel/drf-spectacular,2020,1655,2614,178
tfussell/xlnt,2014,15706,1562,28
thanos-io/thanos,2017,230664,13555,755
The-Powder-Toy/The-Powder-Toy,2010,40108,4809,28
the-tcpdump-group/tcpdump,2013,27953,2928,118
the1812/Bilibili-Evolved,2018,311483,25898,275
themesberg/flowbite,2021,19873,8630,255
themeselection/materio-mui-nextjs-admin-template-free,2022,4192,1798,0
theory/pgtap,2009,4054,1055,24
theos/theos,2010,2957,4649,56
thephpleague/csv,2013,10475,3423,30
thephpleague/oauth2-server,2012,14909,6600,55
thesp0nge/dawnscanner,2013,1958,743,8
TheSpaghettiDetective/obico-server,2019,299941,1651,105
thingsboard/thingsboard,2016,304444,19094,1985
Thinstation/thinstation,2012,21676095,867,45
thomaspark/bootswatch,2012,90048,14687,52
thoth-station/micropipenv,2020,753,240,18
THUDM/ChatGLM-6B,2023,9362,41058,530
THUDM/ChatGLM2-6B,2023,7469,15729,626
THUDM/CodeGeeX,2022,14413,8501,95
fastapi/fastapi,2018,26666,86192,0
tiangolo/nginx-rtmp-docker,2016,68,1256,17
tianocore/edk2,2011,330508,5156,885
tidev/titanium-sdk,2009,1661302,2780,0
tidwall/buntdb,2016,418,4710,10
tidyverse/ggplot2,2008,1241994,6701,532
tiehuis/zig-regex,2018,152,232,11
tigrish/devise-i18n,2011,1630,742,15
tikv/tikv,2015,123677,15893,651
timescale/timescaledb,2017,48482,19265,389
tinacms/tinacms,2019,910199,12561,133
tinygo-org/tinygo,2018,12331,16314,335
tldraw/tldraw,2021,792109,40411,519
JuliaDocs/Franklin.jl,2018,61216,1007,0
tmux/tmux,2015,17885,37725,95
tnfe/FFCreator,2020,130458,3002,73
toadstorm/MOPS,2018,37566,900,7
tomaz/appledoc,2009,43880,4193,4
Tonejs/Tone.js,2014,30011,13997,43
ToolJet/ToolJet,2021,1390200,35844,2525
topjohnwu/Magisk,2016,60992,53616,558
torvalds/linux,2011,5601908,195592,43
tpope/vim-commentary,2011,34,6037,6
tpope/vim-fugitive,2009,2669,20824,101
tpope/vim-rails,2008,2793,4134,10
tpope/vim-sensible,2013,60,5230,5
tpope/vim-surround,2008,129,13797,11
traefik/traefik,2015,148494,55125,460
trailofbits/it-depends,2021,482,363,5
travis-ci/travis-ci,2011,12203,8462,4
treeverse/lakeFS,2019,157456,4716,978
tremorlabs/tremor,2024,4767,2370,230
trinodb/trino,2019,273727,11424,3510
tristanhimmelman/ObjectMapper,2014,1332,9180,17
troessner/reek,2008,5975,4082,27
trufflesuite/truffle,2015,184987,13989,135
TryGhost/Ghost,2013,360941,49469,1895
tstack/lnav,2009,51902,8828,86
twbs/bootstrap,2011,258051,172406,700
twigphp/Twig,2009,12482,8294,198
twitchtv/twirp,2018,3914,7350,9
Twitter4J/Twitter4J,2009,12395,2798,7
twitter/finagle,2010,107122,8825,15
twitter/twitter-cldr-rb,2012,57342,684,8
typescript-eslint/typescript-eslint,2019,73311,15773,852
typesense/typesense,2017,12621,23214,654
TypeStrong/ts-loader,2015,6840,3475,30
TypeStrong/ts-node,2015,8254,13058,65
tyrasd/overpass-turbo,2012,74852,1035,42
tzapu/WiFiManager,2015,1617,6886,118
uikit/uikit,2013,55584,18431,74
UiPath/CoreWF,2016,9195,1163,21
ukanth/afwall,2012,29858,3034,41
umijs/babel-plugin-import,2015,1587,3164,8
umijs/umi,2017,157567,15734,359
unclebob/fitnesse,2008,74500,2078,37
Uncommon/Xit,2011,35705,1130,10
unicode-org/cldr,2017,622082,989,497
unicode-org/icu,2016,3484681,3100,232
UniSharp/laravel-filemanager,2015,4641,2127,32
Unity-Technologies/ml-agents,2017,3023267,18245,122
Unity-Technologies/UnityCsReference,2018,71411,12309,6
universal-ctags/ctags,2010,23305,6813,85
unocss/unocss,2021,18238,17747,390
unplugin/unplugin-icons,2020,2879,4470,17
uptake/pkgnet,2017,6111,161,18
urql-graphql/urql,2018,24822,8807,127
USBGuard/usbguard,2015,3886,1220,21
util-linux/util-linux,2011,251334,2884,671
uxsolutions/bootstrap-datepicker,2012,6017,12677,16
Vanessa219/vditor,2019,27485,9424,189
vanhauser-thc/thc-hydra,2014,3282,10499,95
vanhoefm/fragattacks,2020,22544,1268,4
vanhoefm/krackattacks-scripts,2017,17682,3414,4
vanjs-org/van,2023,3637,4101,87
varletjs/varlet,2020,45577,5192,157
vbenjs/vue-vben-admin,2020,41001,28591,897
vega/vega,2013,107145,11518,95
veggiemonk/awesome-docker,2014,14407,32506,14
ventoy/Ventoy,2020,213782,68552,367
veracruz-project/veracruz,2020,8896,195,49
vercel/hyper,2016,24532,44007,89
vercel/ncc,2018,11667,9605,34
vercel/next.js,2016,2264746,132422,6077
vercel/pkg,2016,41320,24399,35
vercel/turborepo,2021,774172,27874,0
vernesong/OpenClash,2019,26886731,20212,242
VertaAI/modeldb,2016,55253,1722,34
vesoft-inc/nebula,2018,68877,11403,279
vgalin/html2image,2020,1015,403,25
VictoriaMetrics/VictoriaMetrics,2018,292819,14296,1354
videolan/libvlcsharp,2018,22188,1626,15
videolan/vlc-android,2018,68458,3113,5
videolan/vlc,2012,593368,15676,14
vim-airline/vim-airline,2013,3780,17910,26
vim-autoformat/vim-autoformat,2012,862,2273,7
vime-js/vime,2020,27788,2811,12
vim/vim-win32-installer,2016,2814,2242,30
vim/vim,2015,164457,38357,1644
vinkla/laravel-hashids,2015,231,2025,8
violentmonkey/violentmonkey,2013,17481,6836,197
visualfc/liteide,2012,17673,7688,28
vitejs/vite-plugin-vue,2022,5679,582,122
vitejs/vite,2020,47676,73242,1034
vitest-dev/vitest,2021,43712,14468,793
vknet/vk,2014,21992,573,89
vlang/v,2019,94213,36445,2743
vlc-qt/vlc-qt,2011,3224,942,4
VoronDesign/Voron-2,2018,2294875,3981,44
vouch/vouch-proxy,2017,5985,3091,22
vrana/adminer,2010,11563,6852,17
VSCodeVim/Vim,2015,21536,14600,318
vuejs/core,2018,35485,50475,1118
vuejs/eslint-config-prettier,2019,123,73,4
vuejs/eslint-plugin-vue,2016,5465,4540,290
vuejs/vue-cli,2015,31126,29734,56
vuejs/vue,2013,32152,208986,146
vuejs/vuepress,2018,14613,22766,63
vuetifyjs/vuetify,2016,95012,40555,2087
VundleVim/Vundle.vim,2010,948,24023,7
w-okada/voice-changer,2022,189609,18191,849
Waikato/moa,2014,32112,640,19
wangyu-/udp2raw,2017,3951,7715,45
warmcat/libwebsockets,2013,45253,4999,220
wasm3/wasm3,2019,5908,7586,41
WasmEdge/WasmEdge,2019,25350,9497,499
watzon/marionette,2018,1497,183,5
wazuh/wazuh,2015,457220,12648,5591
We5ter/Scanners-Box,2016,7428,8523,6
weaveworks/weave,2014,27240,6625,13
web-infra-dev/rsbuild,2023,33442,2640,416
web-infra-dev/rspack,2022,62052,11590,1963
web3ui/web3uikit,2021,262241,1757,10
WeBankFinTech/DataSphereStudio,2019,254815,3181,77
webextension-toolbox/webextension-toolbox,2018,2335,760,8
webiny/webiny-js,2018,415625,7603,566
WeblateOrg/weblate,2012,3867871,5161,359
webpack-contrib/compression-webpack-plugin,2013,3725,1426,10
webpack-contrib/copy-webpack-plugin,2015,3903,2854,12
webpack-contrib/css-loader,2012,28380,4325,35
webpack-contrib/less-loader,2012,4054,960,5
webpack-contrib/mini-css-extract-plugin,2018,11148,4670,24
webpack-contrib/postcss-loader,2014,3657,2855,13
webpack-contrib/sass-loader,2014,29381,3905,28
webpack-contrib/style-loader,2012,3498,1665,8
webpack-contrib/stylus-loader,2013,2622,498,4
webpack/webpack,2012,69003,65349,236
webpro-nl/knip,2022,24970,8287,0
WebThingsIO/gateway,2017,18426,2623,26
weilanwl/coloruicss,2018,7118,12366,7
WenchaoD/FSCalendar,2015,2513,10658,28
weshatheleopard/rubyXL,2011,10013,1293,14
whylabs/whylogs,2020,189731,2724,239
windicss/windicss,2020,2425,6547,5
winfsp/winfsp,2016,15878,7594,38
winstonjs/winston,2010,4294,23688,90
wireservice/csvkit,2011,22369,6198,40
Wisser/Jailer,2011,433905,3005,8
withastro/astro,2021,197128,51641,1516
wix/Detox,2016,153577,11495,296
wolfpld/tracy,2020,29548,12033,207
wpscanteam/wpscan,2012,60696,9042,41
wren-lang/wren,2013,8100,7196,14
wtfutil/wtf,2018,50379,16131,14
wulkano/Kap,2016,24623,18639,33
wux-weapp/wux-weapp,2017,49909,5059,7
wxWidgets/wxWidgets,2011,430236,6645,933
x-hw/amazing-qr,2016,8189,10595,4
xaboy/form-create,2018,18417,6586,98
xamarin/Xamarin.Forms,2016,111226,5603,126
XanaduAI/strawberryfields,2018,21881,799,4
xapian/xapian,2010,111145,837,5
xavier-hernandez/goaccess-for-nginxproxymanager,2022,1303733,612,31
OpenMathLib/OpenBLAS,2011,56758,6813,0
xiph/rav1e,2017,17507,3903,41
XIU2/TrackersListCollection,2019,15257,28427,5
xlwings/xlwings,2014,55527,3161,166
XmirrorSecurity/OpenSCA-cli,2021,9124,1076,236
xtermjs/xterm.js,2014,29641,18651,403
xuxueli/xxl-job,2015,37617,28875,250
XX-net/XX-Net,2015,60574,33262,109
yacy/yacy_search_server,2015,827258,3592,55
yajra/laravel-datatables,2013,3502,4824,41
yangjie10930/EpMedia,2017,27364,2456,5
yanyiwu/cppjieba,2013,9644,2715,4
yarnpkg/berry,2018,2897242,7755,665
yarnpkg/yarn,2016,119922,41544,98
yasm/yasm,2011,28096,1404,44
ycm-core/ycmd,2014,27050,1722,7
ycm-core/YouCompleteMe,2012,36657,25737,38
yeasy/docker_practice,2014,11901,25437,15
yesodweb/yesod,2009,9463,2677,30
YetiForceCompany/YetiForceCRM,2014,419522,1771,137
yomorun/yomo,2020,69145,1766,4
YOURLS/YOURLS,2012,193935,11275,64
youzan/vant-weapp,2017,22761,18104,338
youzan/vant,2017,124232,23901,771
ytti/oxidized,2013,3351,3006,304
yunionio/cloudpods,2018,154997,2713,2944
Z4nzu/hackingtool,2020,1367,52739,92
zalando/skipper,2015,16089,3192,458
zaproxy/zaproxy,2015,201273,13708,226
zcash/zcash,2014,114649,5022,227
Zeecka/AperiSolve,2019,96298,626,6
zeek/zeek,2012,192133,6951,609
zenml-io/zenml,2020,636921,4631,546
ziglang/zig,2015,343905,39473,3951
zitadel/zitadel,2020,497976,10839,515
zpao/qrcode.react,2014,3267,4089,35
zserge/jsmn,2015,289,3854,4
zsh-users/zsh-autosuggestions,2013,579,33149,50
zsh-users/zsh-completions,2011,2410,7321,71
zsh-users/zsh-history-substring-search,2011,143,2807,11
zsh-users/zsh-syntax-highlighting,2010,1565,21255,25
zsh-users/zsh,2011,37445,3873,17
Zulko/moviepy,2013,120860,13546,171
zxing-cpp/zxing-cpp,2016,251959,1539,169
zxing-js/library,2017,71283,2686,13
zxingify/zxingify-objc,2012,189619,3074,11
zxing/zxing,2011,242775,33362,83
