startTime,createUser,commentsUser,proj,year,url
2023-06-08 08:33:24+00:00,[User]_clemisch,set(),mssun/passforios,2023,https://github.com/mssun/passforios/pull/615
2023-06-12 09:56:50+00:00,[User]_0xb1b1,"{'[User]_owenthomas17', '[User]_marijanp'}",mssun/passforios,2023,https://github.com/mssun/passforios/issues/616
2023-06-15 18:54:54+00:00,[User]_SimplyDanny,set(),mssun/passforios,2023,https://github.com/mssun/passforios/pull/618
2023-06-19 12:56:55+00:00,[User]_asymmetric,set(),mssun/passforios,2023,https://github.com/mssun/passforios/issues/619
2023-06-23 12:27:49+00:00,[User]_benjaminbhollon,"{'[User]_bspammer', '[User]_benjaminbhollon', '[User]_apfohl'}",mssun/passforios,2023,https://github.com/mssun/passforios/issues/620
2023-06-29 20:32:31+00:00,[User]_532910,set(),mssun/passforios,2023,https://github.com/mssun/passforios/issues/621
2023-06-30 09:31:53+00:00,[User]_LocalSpook,set(),mssun/passforios,2023,https://github.com/mssun/passforios/pull/622
2023-06-30 11:56:16+00:00,[User]_jvillasante,"{'[User]_jvillasante', '[User]_SimplyDanny', '[User]_Logicwax'}",mssun/passforios,2023,https://github.com/mssun/passforios/issues/623
2023-07-07 10:11:07+00:00,[User]_apfohl,"{'[User]_Vonfry', '[User]_apfohl', '[User]_bmclean2'}",mssun/passforios,2023,https://github.com/mssun/passforios/issues/624
2023-07-17 04:29:42+00:00,[User]_lzc256,{'[User]_dermichal'},mssun/passforios,2023,https://github.com/mssun/passforios/issues/625
2023-08-25 07:09:54+00:00,[User]_giovi321,{'[User]_giovi321'},mssun/passforios,2023,https://github.com/mssun/passforios/issues/626
2023-09-05 09:42:36+00:00,[User]_chmanie,set(),mssun/passforios,2023,https://github.com/mssun/passforios/issues/627
2023-09-27 10:02:51+00:00,[User]_stuartlangridge,{'[User]_tavrez'},mssun/passforios,2023,https://github.com/mssun/passforios/issues/628
2023-11-06 16:59:54+00:00,[User]_startbit96,"{'[User]_JehTeh', '[User]_dannyob', '[User]_crawfordlong', '[User]_l0u1sg', '[User]_karmalntest', '[User]_ak1394', '[User]_Kernald'}",mssun/passforios,2023,https://github.com/mssun/passforios/issues/629
2023-11-25 21:09:37+00:00,[User]_intelfx,set(),mssun/passforios,2023,https://github.com/mssun/passforios/issues/630
2023-11-25 22:32:24+00:00,[User]_SimplyDanny,set(),mssun/passforios,2023,https://github.com/mssun/passforios/pull/631
2023-12-22 02:11:38+00:00,[User]_vaskark,set(),mssun/passforios,2023,https://github.com/mssun/passforios/issues/632
2023-12-22 14:17:20+00:00,[User]_SimplyDanny,set(),mssun/passforios,2023,https://github.com/mssun/passforios/pull/633
2024-01-02 16:20:09+00:00,[User]_pyllyukko,set(),mssun/passforios,2024,https://github.com/mssun/passforios/issues/634
2024-02-18 20:06:29+00:00,[User]_jvnchnr,set(),mssun/passforios,2024,https://github.com/mssun/passforios/issues/635
2024-03-06 10:21:43+00:00,[User]_Avinash2059,{'[User]_Avinash2059'},mssun/passforios,2024,https://github.com/mssun/passforios/issues/636
2024-03-07 15:57:06+00:00,[User]_haji-ali,set(),mssun/passforios,2024,https://github.com/mssun/passforios/issues/638
2024-03-11 18:59:49+00:00,[User]_J0ssel1n,set(),mssun/passforios,2024,https://github.com/mssun/passforios/issues/639
2024-03-20 14:18:15+00:00,[User]_philn,set(),mssun/passforios,2024,https://github.com/mssun/passforios/issues/640
2024-03-26 12:04:39+00:00,[User]_janrito,set(),mssun/passforios,2024,https://github.com/mssun/passforios/issues/641
